image,species_zh,species_en,family,features,habitat
flowers102/images/image_00028.jpg,西番莲,Passion Flower,西番莲科,具丝状副花冠，雌雄蕊柄显著,常见园艺栽培或野生观赏植物
flowers102/images/image_00036.jpg,西番莲,Passion Flower,西番莲科,具丝状副花冠，雌雄蕊柄显著,常见园艺栽培或野生观赏植物
flowers102/images/image_00079.jpg,西番莲,Passion Flower,西番莲科,具丝状副花冠，雌雄蕊柄显著,常见园艺栽培或野生观赏植物
flowers102/images/image_00116.jpg,西番莲,Passion Flower,西番莲科,具丝状副花冠，雌雄蕊柄显著,常见园艺栽培或野生观赏植物
flowers102/images/image_00118.jpg,西番莲,Passion Flower,西番莲科,具丝状副花冠，雌雄蕊柄显著,常见园艺栽培或野生观赏植物
flowers102/images/image_00126.jpg,西番莲,Passion Flower,西番莲科,具丝状副花冠，雌雄蕊柄显著,常见园艺栽培或野生观赏植物
flowers102/images/image_00144.jpg,西番莲,Passion Flower,西番莲科,具丝状副花冠，雌雄蕊柄显著,常见园艺栽培或野生观赏植物
flowers102/images/image_00177.jpg,西番莲,Passion Flower,西番莲科,具丝状副花冠，雌雄蕊柄显著,常见园艺栽培或野生观赏植物
flowers102/images/image_00200.jpg,西番莲,Passion Flower,西番莲科,具丝状副花冠，雌雄蕊柄显著,常见园艺栽培或野生观赏植物
flowers102/images/image_00216.jpg,西番莲,Passion Flower,西番莲科,具丝状副花冠，雌雄蕊柄显著,常见园艺栽培或野生观赏植物
flowers102/images/image_00274.jpg,睡莲,Water Lily,睡莲科,叶浮于水面，花漂浮或挺出水面,常见园艺栽培或野生观赏植物
flowers102/images/image_00297.jpg,睡莲,Water Lily,睡莲科,叶浮于水面，花漂浮或挺出水面,常见园艺栽培或野生观赏植物
flowers102/images/image_00319.jpg,睡莲,Water Lily,睡莲科,叶浮于水面，花漂浮或挺出水面,常见园艺栽培或野生观赏植物
flowers102/images/image_00375.jpg,睡莲,Water Lily,睡莲科,叶浮于水面，花漂浮或挺出水面,常见园艺栽培或野生观赏植物
flowers102/images/image_00380.jpg,睡莲,Water Lily,睡莲科,叶浮于水面，花漂浮或挺出水面,常见园艺栽培或野生观赏植物
flowers102/images/image_00383.jpg,睡莲,Water Lily,睡莲科,叶浮于水面，花漂浮或挺出水面,常见园艺栽培或野生观赏植物
flowers102/images/image_00401.jpg,睡莲,Water Lily,睡莲科,叶浮于水面，花漂浮或挺出水面,常见园艺栽培或野生观赏植物
flowers102/images/image_00411.jpg,睡莲,Water Lily,睡莲科,叶浮于水面，花漂浮或挺出水面,常见园艺栽培或野生观赏植物
flowers102/images/image_00442.jpg,睡莲,Water Lily,睡莲科,叶浮于水面，花漂浮或挺出水面,常见园艺栽培或野生观赏植物
flowers102/images/image_00444.jpg,睡莲,Water Lily,睡莲科,叶浮于水面，花漂浮或挺出水面,常见园艺栽培或野生观赏植物
flowers102/images/image_00485.jpg,仙客来,Cyclamen,报春花科,花冠合瓣五裂，花瓣反卷,常见园艺栽培或野生观赏植物
flowers102/images/image_00487.jpg,仙客来,Cyclamen,报春花科,花冠合瓣五裂，花瓣反卷,常见园艺栽培或野生观赏植物
flowers102/images/image_00501.jpg,仙客来,Cyclamen,报春花科,花冠合瓣五裂，花瓣反卷,常见园艺栽培或野生观赏植物
flowers102/images/image_00514.jpg,仙客来,Cyclamen,报春花科,花冠合瓣五裂，花瓣反卷,常见园艺栽培或野生观赏植物
flowers102/images/image_00534.jpg,仙客来,Cyclamen,报春花科,花冠合瓣五裂，花瓣反卷,常见园艺栽培或野生观赏植物
flowers102/images/image_00535.jpg,仙客来,Cyclamen,报春花科,花冠合瓣五裂，花瓣反卷,常见园艺栽培或野生观赏植物
flowers102/images/image_00564.jpg,仙客来,Cyclamen,报春花科,花冠合瓣五裂，花瓣反卷,常见园艺栽培或野生观赏植物
flowers102/images/image_00576.jpg,仙客来,Cyclamen,报春花科,花冠合瓣五裂，花瓣反卷,常见园艺栽培或野生观赏植物
flowers102/images/image_00587.jpg,仙客来,Cyclamen,报春花科,花冠合瓣五裂，花瓣反卷,常见园艺栽培或野生观赏植物
flowers102/images/image_00590.jpg,仙客来,Cyclamen,报春花科,花冠合瓣五裂，花瓣反卷,常见园艺栽培或野生观赏植物
flowers102/images/image_00656.jpg,豆瓣菜（西洋菜）,Watercress,十字花科,花瓣四枚排成十字形,常见园艺栽培或野生观赏植物
flowers102/images/image_00664.jpg,豆瓣菜（西洋菜）,Watercress,十字花科,花瓣四枚排成十字形,常见园艺栽培或野生观赏植物
flowers102/images/image_00666.jpg,豆瓣菜（西洋菜）,Watercress,十字花科,花瓣四枚排成十字形,常见园艺栽培或野生观赏植物
flowers102/images/image_00667.jpg,豆瓣菜（西洋菜）,Watercress,十字花科,花瓣四枚排成十字形,常见园艺栽培或野生观赏植物
flowers102/images/image_00668.jpg,豆瓣菜（西洋菜）,Watercress,十字花科,花瓣四枚排成十字形,常见园艺栽培或野生观赏植物
flowers102/images/image_00672.jpg,豆瓣菜（西洋菜）,Watercress,十字花科,花瓣四枚排成十字形,常见园艺栽培或野生观赏植物
flowers102/images/image_00695.jpg,豆瓣菜（西洋菜）,Watercress,十字花科,花瓣四枚排成十字形,常见园艺栽培或野生观赏植物
flowers102/images/image_00717.jpg,豆瓣菜（西洋菜）,Watercress,十字花科,花瓣四枚排成十字形,常见园艺栽培或野生观赏植物
flowers102/images/image_00737.jpg,豆瓣菜（西洋菜）,Watercress,十字花科,花瓣四枚排成十字形,常见园艺栽培或野生观赏植物
flowers102/images/image_00773.jpg,豆瓣菜（西洋菜）,Watercress,十字花科,花瓣四枚排成十字形,常见园艺栽培或野生观赏植物
flowers102/images/image_00803.jpg,鸡蛋花,Frangipani,夹竹桃科,花冠五裂，旋转排列,常见园艺栽培或野生观赏植物
flowers102/images/image_00848.jpg,鸡蛋花,Frangipani,夹竹桃科,花冠五裂，旋转排列,常见园艺栽培或野生观赏植物
flowers102/images/image_00864.jpg,鸡蛋花,Frangipani,夹竹桃科,花冠五裂，旋转排列,常见园艺栽培或野生观赏植物
flowers102/images/image_00876.jpg,鸡蛋花,Frangipani,夹竹桃科,花冠五裂，旋转排列,常见园艺栽培或野生观赏植物
flowers102/images/image_00888.jpg,鸡蛋花,Frangipani,夹竹桃科,花冠五裂，旋转排列,常见园艺栽培或野生观赏植物
flowers102/images/image_00893.jpg,鸡蛋花,Frangipani,夹竹桃科,花冠五裂，旋转排列,常见园艺栽培或野生观赏植物
flowers102/images/image_00912.jpg,鸡蛋花,Frangipani,夹竹桃科,花冠五裂，旋转排列,常见园艺栽培或野生观赏植物
flowers102/images/image_00921.jpg,鸡蛋花,Frangipani,夹竹桃科,花冠五裂，旋转排列,常见园艺栽培或野生观赏植物
flowers102/images/image_00922.jpg,鸡蛋花,Frangipani,夹竹桃科,花冠五裂，旋转排列,常见园艺栽培或野生观赏植物
flowers102/images/image_00945.jpg,鸡蛋花,Frangipani,夹竹桃科,花冠五裂，旋转排列,常见园艺栽培或野生观赏植物
flowers102/images/image_00964.jpg,桂竹香,Wallflower,十字花科,花瓣四枚排成十字形,常见园艺栽培或野生观赏植物
flowers102/images/image_00986.jpg,桂竹香,Wallflower,十字花科,花瓣四枚排成十字形,常见园艺栽培或野生观赏植物
flowers102/images/image_01019.jpg,桂竹香,Wallflower,十字花科,花瓣四枚排成十字形,常见园艺栽培或野生观赏植物
flowers102/images/image_01028.jpg,桂竹香,Wallflower,十字花科,花瓣四枚排成十字形,常见园艺栽培或野生观赏植物
flowers102/images/image_01052.jpg,桂竹香,Wallflower,十字花科,花瓣四枚排成十字形,常见园艺栽培或野生观赏植物
flowers102/images/image_01101.jpg,桂竹香,Wallflower,十字花科,花瓣四枚排成十字形,常见园艺栽培或野生观赏植物
flowers102/images/image_01122.jpg,桂竹香,Wallflower,十字花科,花瓣四枚排成十字形,常见园艺栽培或野生观赏植物
flowers102/images/image_01126.jpg,桂竹香,Wallflower,十字花科,花瓣四枚排成十字形,常见园艺栽培或野生观赏植物
flowers102/images/image_01131.jpg,桂竹香,Wallflower,十字花科,花瓣四枚排成十字形,常见园艺栽培或野生观赏植物
flowers102/images/image_01142.jpg,桂竹香,Wallflower,十字花科,花瓣四枚排成十字形,常见园艺栽培或野生观赏植物
flowers102/images/image_01176.jpg,月季（玫瑰）,Rose,蔷薇科,多为五瓣花，雄蕊多数，茎常具皮刺,常见园艺栽培或野生观赏植物
flowers102/images/image_01213.jpg,月季（玫瑰）,Rose,蔷薇科,多为五瓣花，雄蕊多数，茎常具皮刺,常见园艺栽培或野生观赏植物
flowers102/images/image_01221.jpg,月季（玫瑰）,Rose,蔷薇科,多为五瓣花，雄蕊多数，茎常具皮刺,常见园艺栽培或野生观赏植物
flowers102/images/image_01234.jpg,月季（玫瑰）,Rose,蔷薇科,多为五瓣花，雄蕊多数，茎常具皮刺,常见园艺栽培或野生观赏植物
flowers102/images/image_01236.jpg,月季（玫瑰）,Rose,蔷薇科,多为五瓣花，雄蕊多数，茎常具皮刺,常见园艺栽培或野生观赏植物
flowers102/images/image_01254.jpg,月季（玫瑰）,Rose,蔷薇科,多为五瓣花，雄蕊多数，茎常具皮刺,常见园艺栽培或野生观赏植物
flowers102/images/image_01270.jpg,月季（玫瑰）,Rose,蔷薇科,多为五瓣花，雄蕊多数，茎常具皮刺,常见园艺栽培或野生观赏植物
flowers102/images/image_01285.jpg,月季（玫瑰）,Rose,蔷薇科,多为五瓣花，雄蕊多数，茎常具皮刺,常见园艺栽培或野生观赏植物
flowers102/images/image_01295.jpg,月季（玫瑰）,Rose,蔷薇科,多为五瓣花，雄蕊多数，茎常具皮刺,常见园艺栽培或野生观赏植物
flowers102/images/image_01304.jpg,月季（玫瑰）,Rose,蔷薇科,多为五瓣花，雄蕊多数，茎常具皮刺,常见园艺栽培或野生观赏植物
flowers102/images/image_01317.jpg,矮牵牛,Petunia,茄科,花冠合瓣，漏斗状，五裂,常见园艺栽培或野生观赏植物
flowers102/images/image_01324.jpg,矮牵牛,Petunia,茄科,花冠合瓣，漏斗状，五裂,常见园艺栽培或野生观赏植物
flowers102/images/image_01385.jpg,矮牵牛,Petunia,茄科,花冠合瓣，漏斗状，五裂,常见园艺栽培或野生观赏植物
flowers102/images/image_01417.jpg,矮牵牛,Petunia,茄科,花冠合瓣，漏斗状，五裂,常见园艺栽培或野生观赏植物
flowers102/images/image_01448.jpg,矮牵牛,Petunia,茄科,花冠合瓣，漏斗状，五裂,常见园艺栽培或野生观赏植物
flowers102/images/image_01455.jpg,矮牵牛,Petunia,茄科,花冠合瓣，漏斗状，五裂,常见园艺栽培或野生观赏植物
flowers102/images/image_01456.jpg,矮牵牛,Petunia,茄科,花冠合瓣，漏斗状，五裂,常见园艺栽培或野生观赏植物
flowers102/images/image_01500.jpg,一品红,Poinsettia,大戟科,杯状聚伞花序，苞片色彩艳丽,常见园艺栽培或野生观赏植物
flowers102/images/image_01525.jpg,一品红,Poinsettia,大戟科,杯状聚伞花序，苞片色彩艳丽,常见园艺栽培或野生观赏植物
flowers102/images/image_01528.jpg,一品红,Poinsettia,大戟科,杯状聚伞花序，苞片色彩艳丽,常见园艺栽培或野生观赏植物
flowers102/images/image_01533.jpg,一品红,Poinsettia,大戟科,杯状聚伞花序，苞片色彩艳丽,常见园艺栽培或野生观赏植物
flowers102/images/image_01534.jpg,一品红,Poinsettia,大戟科,杯状聚伞花序，苞片色彩艳丽,常见园艺栽培或野生观赏植物
flowers102/images/image_01539.jpg,一品红,Poinsettia,大戟科,杯状聚伞花序，苞片色彩艳丽,常见园艺栽培或野生观赏植物
flowers102/images/image_01545.jpg,一品红,Poinsettia,大戟科,杯状聚伞花序，苞片色彩艳丽,常见园艺栽培或野生观赏植物
flowers102/images/image_01552.jpg,一品红,Poinsettia,大戟科,杯状聚伞花序，苞片色彩艳丽,常见园艺栽培或野生观赏植物
flowers102/images/image_01566.jpg,一品红,Poinsettia,大戟科,杯状聚伞花序，苞片色彩艳丽,常见园艺栽培或野生观赏植物
flowers102/images/image_01582.jpg,一品红,Poinsettia,大戟科,杯状聚伞花序，苞片色彩艳丽,常见园艺栽培或野生观赏植物
flowers102/images/image_01587.jpg,铁线莲,Clematis,毛茛科,花多具多数雄蕊与雌蕊，攀援藤本,常见园艺栽培或野生观赏植物
flowers102/images/image_01602.jpg,铁线莲,Clematis,毛茛科,花多具多数雄蕊与雌蕊，攀援藤本,常见园艺栽培或野生观赏植物
flowers102/images/image_01613.jpg,铁线莲,Clematis,毛茛科,花多具多数雄蕊与雌蕊，攀援藤本,常见园艺栽培或野生观赏植物
flowers102/images/image_01627.jpg,铁线莲,Clematis,毛茛科,花多具多数雄蕊与雌蕊，攀援藤本,常见园艺栽培或野生观赏植物
flowers102/images/image_01639.jpg,铁线莲,Clematis,毛茛科,花多具多数雄蕊与雌蕊，攀援藤本,常见园艺栽培或野生观赏植物
flowers102/images/image_01640.jpg,铁线莲,Clematis,毛茛科,花多具多数雄蕊与雌蕊，攀援藤本,常见园艺栽培或野生观赏植物
flowers102/images/image_01654.jpg,铁线莲,Clematis,毛茛科,花多具多数雄蕊与雌蕊，攀援藤本,常见园艺栽培或野生观赏植物
flowers102/images/image_01655.jpg,铁线莲,Clematis,毛茛科,花多具多数雄蕊与雌蕊，攀援藤本,常见园艺栽培或野生观赏植物
flowers102/images/image_01690.jpg,铁线莲,Clematis,毛茛科,花多具多数雄蕊与雌蕊，攀援藤本,常见园艺栽培或野生观赏植物
flowers102/images/image_01691.jpg,铁线莲,Clematis,毛茛科,花多具多数雄蕊与雌蕊，攀援藤本,常见园艺栽培或野生观赏植物
flowers102/images/image_01705.jpg,木槿,Hibiscus,锦葵科,花五瓣，具副萼，雄蕊单体,常见园艺栽培或野生观赏植物
flowers102/images/image_01715.jpg,木槿,Hibiscus,锦葵科,花五瓣，具副萼，雄蕊单体,常见园艺栽培或野生观赏植物
flowers102/images/image_01716.jpg,木槿,Hibiscus,锦葵科,花五瓣，具副萼，雄蕊单体,常见园艺栽培或野生观赏植物
flowers102/images/image_01759.jpg,木槿,Hibiscus,锦葵科,花五瓣，具副萼，雄蕊单体,常见园艺栽培或野生观赏植物
flowers102/images/image_01760.jpg,木槿,Hibiscus,锦葵科,花五瓣，具副萼，雄蕊单体,常见园艺栽培或野生观赏植物
flowers102/images/image_01779.jpg,木槿,Hibiscus,锦葵科,花五瓣，具副萼，雄蕊单体,常见园艺栽培或野生观赏植物
flowers102/images/image_01785.jpg,木槿,Hibiscus,锦葵科,花五瓣，具副萼，雄蕊单体,常见园艺栽培或野生观赏植物
flowers102/images/image_01816.jpg,木槿,Hibiscus,锦葵科,花五瓣，具副萼，雄蕊单体,常见园艺栽培或野生观赏植物
flowers102/images/image_01819.jpg,木槿,Hibiscus,锦葵科,花五瓣，具副萼，雄蕊单体,常见园艺栽培或野生观赏植物
flowers102/images/image_01821.jpg,木槿,Hibiscus,锦葵科,花五瓣，具副萼，雄蕊单体,常见园艺栽培或野生观赏植物
flowers102/images/image_01831.jpg,荷花,Lotus,莲科,叶盾形挺出水面，具莲蓬,常见园艺栽培或野生观赏植物
flowers102/images/image_01832.jpg,荷花,Lotus,莲科,叶盾形挺出水面，具莲蓬,常见园艺栽培或野生观赏植物
flowers102/images/image_01852.jpg,荷花,Lotus,莲科,叶盾形挺出水面，具莲蓬,常见园艺栽培或野生观赏植物
flowers102/images/image_01855.jpg,荷花,Lotus,莲科,叶盾形挺出水面，具莲蓬,常见园艺栽培或野生观赏植物
flowers102/images/image_01900.jpg,荷花,Lotus,莲科,叶盾形挺出水面，具莲蓬,常见园艺栽培或野生观赏植物
flowers102/images/image_01904.jpg,荷花,Lotus,莲科,叶盾形挺出水面，具莲蓬,常见园艺栽培或野生观赏植物
flowers102/images/image_01918.jpg,荷花,Lotus,莲科,叶盾形挺出水面，具莲蓬,常见园艺栽培或野生观赏植物
flowers102/images/image_01923.jpg,荷花,Lotus,莲科,叶盾形挺出水面，具莲蓬,常见园艺栽培或野生观赏植物
flowers102/images/image_01932.jpg,荷花,Lotus,莲科,叶盾形挺出水面，具莲蓬,常见园艺栽培或野生观赏植物
flowers102/images/image_01942.jpg,荷花,Lotus,莲科,叶盾形挺出水面，具莲蓬,常见园艺栽培或野生观赏植物
flowers102/images/image_01966.jpg,花烛（红掌）,Anthurium,天南星科,具佛焰苞与肉穗花序，革质叶,常见园艺栽培或野生观赏植物
flowers102/images/image_01972.jpg,花烛（红掌）,Anthurium,天南星科,具佛焰苞与肉穗花序，革质叶,常见园艺栽培或野生观赏植物
flowers102/images/image_01973.jpg,花烛（红掌）,Anthurium,天南星科,具佛焰苞与肉穗花序，革质叶,常见园艺栽培或野生观赏植物
flowers102/images/image_01975.jpg,花烛（红掌）,Anthurium,天南星科,具佛焰苞与肉穗花序，革质叶,常见园艺栽培或野生观赏植物
flowers102/images/image_01987.jpg,花烛（红掌）,Anthurium,天南星科,具佛焰苞与肉穗花序，革质叶,常见园艺栽培或野生观赏植物
flowers102/images/image_01990.jpg,花烛（红掌）,Anthurium,天南星科,具佛焰苞与肉穗花序，革质叶,常见园艺栽培或野生观赏植物
flowers102/images/image_01997.jpg,花烛（红掌）,Anthurium,天南星科,具佛焰苞与肉穗花序，革质叶,常见园艺栽培或野生观赏植物
flowers102/images/image_02003.jpg,花烛（红掌）,Anthurium,天南星科,具佛焰苞与肉穗花序，革质叶,常见园艺栽培或野生观赏植物
flowers102/images/image_02006.jpg,花烛（红掌）,Anthurium,天南星科,具佛焰苞与肉穗花序，革质叶,常见园艺栽培或野生观赏植物
flowers102/images/image_02014.jpg,花烛（红掌）,Anthurium,天南星科,具佛焰苞与肉穗花序，革质叶,常见园艺栽培或野生观赏植物
flowers102/images/image_02075.jpg,曼陀罗,Thorn Apple,茄科,花冠合瓣漏斗状，果实具刺,常见园艺栽培或野生观赏植物
flowers102/images/image_02080.jpg,曼陀罗,Thorn Apple,茄科,花冠合瓣漏斗状，果实具刺,常见园艺栽培或野生观赏植物
flowers102/images/image_02081.jpg,曼陀罗,Thorn Apple,茄科,花冠合瓣漏斗状，果实具刺,常见园艺栽培或野生观赏植物
flowers102/images/image_02087.jpg,曼陀罗,Thorn Apple,茄科,花冠合瓣漏斗状，果实具刺,常见园艺栽培或野生观赏植物
flowers102/images/image_02125.jpg,曼陀罗,Thorn Apple,茄科,花冠合瓣漏斗状，果实具刺,常见园艺栽培或野生观赏植物
flowers102/images/image_02146.jpg,曼陀罗,Thorn Apple,茄科,花冠合瓣漏斗状，果实具刺,常见园艺栽培或野生观赏植物
flowers102/images/image_02166.jpg,曼陀罗,Thorn Apple,茄科,花冠合瓣漏斗状，果实具刺,常见园艺栽培或野生观赏植物
flowers102/images/image_02182.jpg,曼陀罗,Thorn Apple,茄科,花冠合瓣漏斗状，果实具刺,常见园艺栽培或野生观赏植物
flowers102/images/image_02183.jpg,曼陀罗,Thorn Apple,茄科,花冠合瓣漏斗状，果实具刺,常见园艺栽培或野生观赏植物
flowers102/images/image_02184.jpg,曼陀罗,Thorn Apple,茄科,花冠合瓣漏斗状，果实具刺,常见园艺栽培或野生观赏植物
flowers102/images/image_02191.jpg,巴伯顿雏菊,Barbeton Daisy,菊科,头状花序，具舌状花与管状花,常见园艺栽培或野生观赏植物
flowers102/images/image_02197.jpg,巴伯顿雏菊,Barbeton Daisy,菊科,头状花序，具舌状花与管状花,常见园艺栽培或野生观赏植物
flowers102/images/image_02205.jpg,巴伯顿雏菊,Barbeton Daisy,菊科,头状花序，具舌状花与管状花,常见园艺栽培或野生观赏植物
flowers102/images/image_02209.jpg,巴伯顿雏菊,Barbeton Daisy,菊科,头状花序，具舌状花与管状花,常见园艺栽培或野生观赏植物
flowers102/images/image_02231.jpg,巴伯顿雏菊,Barbeton Daisy,菊科,头状花序，具舌状花与管状花,常见园艺栽培或野生观赏植物
flowers102/images/image_02257.jpg,巴伯顿雏菊,Barbeton Daisy,菊科,头状花序，具舌状花与管状花,常见园艺栽培或野生观赏植物
flowers102/images/image_02275.jpg,巴伯顿雏菊,Barbeton Daisy,菊科,头状花序，具舌状花与管状花,常见园艺栽培或野生观赏植物
flowers102/images/image_02279.jpg,巴伯顿雏菊,Barbeton Daisy,菊科,头状花序，具舌状花与管状花,常见园艺栽培或野生观赏植物
flowers102/images/image_02307.jpg,巴伯顿雏菊,Barbeton Daisy,菊科,头状花序，具舌状花与管状花,常见园艺栽培或野生观赏植物
flowers102/images/image_02310.jpg,巴伯顿雏菊,Barbeton Daisy,菊科,头状花序，具舌状花与管状花,常见园艺栽培或野生观赏植物
flowers102/images/image_02340.jpg,唐菖蒲（剑兰）,Sword Lily,鸢尾科,穗状花序，花被六枚,常见园艺栽培或野生观赏植物
flowers102/images/image_02353.jpg,唐菖蒲（剑兰）,Sword Lily,鸢尾科,穗状花序，花被六枚,常见园艺栽培或野生观赏植物
flowers102/images/image_02357.jpg,唐菖蒲（剑兰）,Sword Lily,鸢尾科,穗状花序，花被六枚,常见园艺栽培或野生观赏植物
flowers102/images/image_02373.jpg,唐菖蒲（剑兰）,Sword Lily,鸢尾科,穗状花序，花被六枚,常见园艺栽培或野生观赏植物
flowers102/images/image_02386.jpg,唐菖蒲（剑兰）,Sword Lily,鸢尾科,穗状花序，花被六枚,常见园艺栽培或野生观赏植物
flowers102/images/image_02400.jpg,唐菖蒲（剑兰）,Sword Lily,鸢尾科,穗状花序，花被六枚,常见园艺栽培或野生观赏植物
flowers102/images/image_02404.jpg,唐菖蒲（剑兰）,Sword Lily,鸢尾科,穗状花序，花被六枚,常见园艺栽培或野生观赏植物
flowers102/images/image_02408.jpg,唐菖蒲（剑兰）,Sword Lily,鸢尾科,穗状花序，花被六枚,常见园艺栽培或野生观赏植物
flowers102/images/image_02420.jpg,唐菖蒲（剑兰）,Sword Lily,鸢尾科,穗状花序，花被六枚,常见园艺栽培或野生观赏植物
flowers102/images/image_02445.jpg,唐菖蒲（剑兰）,Sword Lily,鸢尾科,穗状花序，花被六枚,常见园艺栽培或野生观赏植物
flowers102/images/image_02454.jpg,牵牛花,Morning Glory,旋花科,花冠漏斗状，攀援草本,常见园艺栽培或野生观赏植物
flowers102/images/image_02458.jpg,牵牛花,Morning Glory,旋花科,花冠漏斗状，攀援草本,常见园艺栽培或野生观赏植物
flowers102/images/image_02471.jpg,牵牛花,Morning Glory,旋花科,花冠漏斗状，攀援草本,常见园艺栽培或野生观赏植物
flowers102/images/image_02475.jpg,牵牛花,Morning Glory,旋花科,花冠漏斗状，攀援草本,常见园艺栽培或野生观赏植物
flowers102/images/image_02485.jpg,牵牛花,Morning Glory,旋花科,花冠漏斗状，攀援草本,常见园艺栽培或野生观赏植物
flowers102/images/image_02500.jpg,牵牛花,Morning Glory,旋花科,花冠漏斗状，攀援草本,常见园艺栽培或野生观赏植物
flowers102/images/image_02507.jpg,牵牛花,Morning Glory,旋花科,花冠漏斗状，攀援草本,常见园艺栽培或野生观赏植物
flowers102/images/image_02519.jpg,牵牛花,Morning Glory,旋花科,花冠漏斗状，攀援草本,常见园艺栽培或野生观赏植物
flowers102/images/image_02521.jpg,牵牛花,Morning Glory,旋花科,花冠漏斗状，攀援草本,常见园艺栽培或野生观赏植物
flowers102/images/image_02523.jpg,牵牛花,Morning Glory,旋花科,花冠漏斗状，攀援草本,常见园艺栽培或野生观赏植物
flowers102/images/image_02554.jpg,耧斗菜,Columbine,毛茛科,花具五枚长距，雄蕊多数,常见园艺栽培或野生观赏植物
flowers102/images/image_02565.jpg,耧斗菜,Columbine,毛茛科,花具五枚长距，雄蕊多数,常见园艺栽培或野生观赏植物
flowers102/images/image_02573.jpg,耧斗菜,Columbine,毛茛科,花具五枚长距，雄蕊多数,常见园艺栽培或野生观赏植物
flowers102/images/image_02578.jpg,耧斗菜,Columbine,毛茛科,花具五枚长距，雄蕊多数,常见园艺栽培或野生观赏植物
flowers102/images/image_02583.jpg,耧斗菜,Columbine,毛茛科,花具五枚长距，雄蕊多数,常见园艺栽培或野生观赏植物
flowers102/images/image_02598.jpg,耧斗菜,Columbine,毛茛科,花具五枚长距，雄蕊多数,常见园艺栽培或野生观赏植物
flowers102/images/image_02600.jpg,耧斗菜,Columbine,毛茛科,花具五枚长距，雄蕊多数,常见园艺栽培或野生观赏植物
flowers102/images/image_02601.jpg,耧斗菜,Columbine,毛茛科,花具五枚长距，雄蕊多数,常见园艺栽培或野生观赏植物
flowers102/images/image_02609.jpg,耧斗菜,Columbine,毛茛科,花具五枚长距，雄蕊多数,常见园艺栽培或野生观赏植物
flowers102/images/image_02614.jpg,耧斗菜,Columbine,毛茛科,花具五枚长距，雄蕊多数,常见园艺栽培或野生观赏植物
flowers102/images/image_02643.jpg,老鹳草,Geranium,牻牛儿苗科,花五瓣，果实具长喙,常见园艺栽培或野生观赏植物
flowers102/images/image_02649.jpg,老鹳草,Geranium,牻牛儿苗科,花五瓣，果实具长喙,常见园艺栽培或野生观赏植物
flowers102/images/image_02671.jpg,老鹳草,Geranium,牻牛儿苗科,花五瓣，果实具长喙,常见园艺栽培或野生观赏植物
flowers102/images/image_02675.jpg,老鹳草,Geranium,牻牛儿苗科,花五瓣，果实具长喙,常见园艺栽培或野生观赏植物
flowers102/images/image_02684.jpg,老鹳草,Geranium,牻牛儿苗科,花五瓣，果实具长喙,常见园艺栽培或野生观赏植物
flowers102/images/image_02688.jpg,老鹳草,Geranium,牻牛儿苗科,花五瓣，果实具长喙,常见园艺栽培或野生观赏植物
flowers102/images/image_02689.jpg,老鹳草,Geranium,牻牛儿苗科,花五瓣，果实具长喙,常见园艺栽培或野生观赏植物
flowers102/images/image_02706.jpg,老鹳草,Geranium,牻牛儿苗科,花五瓣，果实具长喙,常见园艺栽培或野生观赏植物
flowers102/images/image_02716.jpg,老鹳草,Geranium,牻牛儿苗科,花五瓣，果实具长喙,常见园艺栽培或野生观赏植物
flowers102/images/image_02748.jpg,老鹳草,Geranium,牻牛儿苗科,花五瓣，果实具长喙,常见园艺栽培或野生观赏植物
flowers102/images/image_02761.jpg,兰达夫主教大丽花,Bishop of Llandaff,菊科,头状花序，园艺栽培品种,常见园艺栽培或野生观赏植物
flowers102/images/image_02762.jpg,兰达夫主教大丽花,Bishop of Llandaff,菊科,头状花序，园艺栽培品种,常见园艺栽培或野生观赏植物
flowers102/images/image_02770.jpg,兰达夫主教大丽花,Bishop of Llandaff,菊科,头状花序，园艺栽培品种,常见园艺栽培或野生观赏植物
flowers102/images/image_02776.jpg,兰达夫主教大丽花,Bishop of Llandaff,菊科,头状花序，园艺栽培品种,常见园艺栽培或野生观赏植物
flowers102/images/image_02779.jpg,兰达夫主教大丽花,Bishop of Llandaff,菊科,头状花序，园艺栽培品种,常见园艺栽培或野生观赏植物
flowers102/images/image_02812.jpg,兰达夫主教大丽花,Bishop of Llandaff,菊科,头状花序，园艺栽培品种,常见园艺栽培或野生观赏植物
flowers102/images/image_02828.jpg,兰达夫主教大丽花,Bishop of Llandaff,菊科,头状花序，园艺栽培品种,常见园艺栽培或野生观赏植物
flowers102/images/image_02832.jpg,兰达夫主教大丽花,Bishop of Llandaff,菊科,头状花序，园艺栽培品种,常见园艺栽培或野生观赏植物
flowers102/images/image_02848.jpg,兰达夫主教大丽花,Bishop of Llandaff,菊科,头状花序，园艺栽培品种,常见园艺栽培或野生观赏植物
flowers102/images/image_02852.jpg,兰达夫主教大丽花,Bishop of Llandaff,菊科,头状花序，园艺栽培品种,常见园艺栽培或野生观赏植物
flowers102/images/image_02863.jpg,花葵（木锦葵）,Tree Mallow,锦葵科,花五瓣，具副萼，雄蕊单体,常见园艺栽培或野生观赏植物
flowers102/images/image_02866.jpg,花葵（木锦葵）,Tree Mallow,锦葵科,花五瓣，具副萼，雄蕊单体,常见园艺栽培或野生观赏植物
flowers102/images/image_02876.jpg,花葵（木锦葵）,Tree Mallow,锦葵科,花五瓣，具副萼，雄蕊单体,常见园艺栽培或野生观赏植物
flowers102/images/image_02879.jpg,花葵（木锦葵）,Tree Mallow,锦葵科,花五瓣，具副萼，雄蕊单体,常见园艺栽培或野生观赏植物
flowers102/images/image_02880.jpg,花葵（木锦葵）,Tree Mallow,锦葵科,花五瓣，具副萼，雄蕊单体,常见园艺栽培或野生观赏植物
flowers102/images/image_02884.jpg,花葵（木锦葵）,Tree Mallow,锦葵科,花五瓣，具副萼，雄蕊单体,常见园艺栽培或野生观赏植物
flowers102/images/image_02894.jpg,花葵（木锦葵）,Tree Mallow,锦葵科,花五瓣，具副萼，雄蕊单体,常见园艺栽培或野生观赏植物
flowers102/images/image_02901.jpg,花葵（木锦葵）,Tree Mallow,锦葵科,花五瓣，具副萼，雄蕊单体,常见园艺栽培或野生观赏植物
flowers102/images/image_02911.jpg,花葵（木锦葵）,Tree Mallow,锦葵科,花五瓣，具副萼，雄蕊单体,常见园艺栽培或野生观赏植物
flowers102/images/image_02916.jpg,花葵（木锦葵）,Tree Mallow,锦葵科,花五瓣，具副萼，雄蕊单体,常见园艺栽培或野生观赏植物
flowers102/images/image_02927.jpg,粉黄花大丽花,Pink-yellow Dahlia?,菊科,头状花序，园艺栽培品种,常见园艺栽培或野生观赏植物
flowers102/images/image_02939.jpg,粉黄花大丽花,Pink-yellow Dahlia?,菊科,头状花序，园艺栽培品种,常见园艺栽培或野生观赏植物
flowers102/images/image_02944.jpg,粉黄花大丽花,Pink-yellow Dahlia?,菊科,头状花序，园艺栽培品种,常见园艺栽培或野生观赏植物
flowers102/images/image_02945.jpg,粉黄花大丽花,Pink-yellow Dahlia?,菊科,头状花序，园艺栽培品种,常见园艺栽培或野生观赏植物
flowers102/images/image_02949.jpg,粉黄花大丽花,Pink-yellow Dahlia?,菊科,头状花序，园艺栽培品种,常见园艺栽培或野生观赏植物
flowers102/images/image_02963.jpg,粉黄花大丽花,Pink-yellow Dahlia?,菊科,头状花序，园艺栽培品种,常见园艺栽培或野生观赏植物
flowers102/images/image_02981.jpg,粉黄花大丽花,Pink-yellow Dahlia?,菊科,头状花序，园艺栽培品种,常见园艺栽培或野生观赏植物
flowers102/images/image_02996.jpg,粉黄花大丽花,Pink-yellow Dahlia?,菊科,头状花序，园艺栽培品种,常见园艺栽培或野生观赏植物
flowers102/images/image_03006.jpg,粉黄花大丽花,Pink-yellow Dahlia?,菊科,头状花序，园艺栽培品种,常见园艺栽培或野生观赏植物
flowers102/images/image_03012.jpg,粉黄花大丽花,Pink-yellow Dahlia?,菊科,头状花序，园艺栽培品种,常见园艺栽培或野生观赏植物
flowers102/images/image_03034.jpg,美国薄荷,Bee Balm,唇形科,花冠二唇形，茎四棱,常见园艺栽培或野生观赏植物
flowers102/images/image_03038.jpg,美国薄荷,Bee Balm,唇形科,花冠二唇形，茎四棱,常见园艺栽培或野生观赏植物
flowers102/images/image_03046.jpg,美国薄荷,Bee Balm,唇形科,花冠二唇形，茎四棱,常见园艺栽培或野生观赏植物
flowers102/images/image_03050.jpg,美国薄荷,Bee Balm,唇形科,花冠二唇形，茎四棱,常见园艺栽培或野生观赏植物
flowers102/images/image_03051.jpg,美国薄荷,Bee Balm,唇形科,花冠二唇形，茎四棱,常见园艺栽培或野生观赏植物
flowers102/images/image_03058.jpg,美国薄荷,Bee Balm,唇形科,花冠二唇形，茎四棱,常见园艺栽培或野生观赏植物
flowers102/images/image_03069.jpg,美国薄荷,Bee Balm,唇形科,花冠二唇形，茎四棱,常见园艺栽培或野生观赏植物
flowers102/images/image_03072.jpg,美国薄荷,Bee Balm,唇形科,花冠二唇形，茎四棱,常见园艺栽培或野生观赏植物
flowers102/images/image_03080.jpg,美国薄荷,Bee Balm,唇形科,花冠二唇形，茎四棱,常见园艺栽培或野生观赏植物
flowers102/images/image_03093.jpg,美国薄荷,Bee Balm,唇形科,花冠二唇形，茎四棱,常见园艺栽培或野生观赏植物
flowers102/images/image_03101.jpg,金鱼草,Snapdragon,车前科,总状花序，花冠二唇形,常见园艺栽培或野生观赏植物
flowers102/images/image_03102.jpg,金鱼草,Snapdragon,车前科,总状花序，花冠二唇形,常见园艺栽培或野生观赏植物
flowers102/images/image_03114.jpg,金鱼草,Snapdragon,车前科,总状花序，花冠二唇形,常见园艺栽培或野生观赏植物
flowers102/images/image_03117.jpg,金鱼草,Snapdragon,车前科,总状花序，花冠二唇形,常见园艺栽培或野生观赏植物
flowers102/images/image_03119.jpg,金鱼草,Snapdragon,车前科,总状花序，花冠二唇形,常见园艺栽培或野生观赏植物
flowers102/images/image_03150.jpg,金鱼草,Snapdragon,车前科,总状花序，花冠二唇形,常见园艺栽培或野生观赏植物
flowers102/images/image_03157.jpg,金鱼草,Snapdragon,车前科,总状花序，花冠二唇形,常见园艺栽培或野生观赏植物
flowers102/images/image_03164.jpg,金鱼草,Snapdragon,车前科,总状花序，花冠二唇形,常见园艺栽培或野生观赏植物
flowers102/images/image_03165.jpg,金鱼草,Snapdragon,车前科,总状花序，花冠二唇形,常见园艺栽培或野生观赏植物
flowers102/images/image_03181.jpg,金鱼草,Snapdragon,车前科,总状花序，花冠二唇形,常见园艺栽培或野生观赏植物
flowers102/images/image_03183.jpg,花菱草,Californian Poppy,罂粟科,花瓣四枚，雄蕊多数,常见园艺栽培或野生观赏植物
flowers102/images/image_03215.jpg,花菱草,Californian Poppy,罂粟科,花瓣四枚，雄蕊多数,常见园艺栽培或野生观赏植物
flowers102/images/image_03229.jpg,花菱草,Californian Poppy,罂粟科,花瓣四枚，雄蕊多数,常见园艺栽培或野生观赏植物
flowers102/images/image_03237.jpg,花菱草,Californian Poppy,罂粟科,花瓣四枚，雄蕊多数,常见园艺栽培或野生观赏植物
flowers102/images/image_03253.jpg,花菱草,Californian Poppy,罂粟科,花瓣四枚，雄蕊多数,常见园艺栽培或野生观赏植物
flowers102/images/image_03256.jpg,花菱草,Californian Poppy,罂粟科,花瓣四枚，雄蕊多数,常见园艺栽培或野生观赏植物
flowers102/images/image_03262.jpg,花菱草,Californian Poppy,罂粟科,花瓣四枚，雄蕊多数,常见园艺栽培或野生观赏植物
flowers102/images/image_03269.jpg,花菱草,Californian Poppy,罂粟科,花瓣四枚，雄蕊多数,常见园艺栽培或野生观赏植物
flowers102/images/image_03270.jpg,花菱草,Californian Poppy,罂粟科,花瓣四枚，雄蕊多数,常见园艺栽培或野生观赏植物
flowers102/images/image_03283.jpg,花菱草,Californian Poppy,罂粟科,花瓣四枚，雄蕊多数,常见园艺栽培或野生观赏植物
flowers102/images/image_03294.jpg,鹤望兰,Bird of Paradise,鹤望兰科,花序形似鸟首，具橙色苞片,常见园艺栽培或野生观赏植物
flowers102/images/image_03302.jpg,鹤望兰,Bird of Paradise,鹤望兰科,花序形似鸟首，具橙色苞片,常见园艺栽培或野生观赏植物
flowers102/images/image_03313.jpg,鹤望兰,Bird of Paradise,鹤望兰科,花序形似鸟首，具橙色苞片,常见园艺栽培或野生观赏植物
flowers102/images/image_03315.jpg,鹤望兰,Bird of Paradise,鹤望兰科,花序形似鸟首，具橙色苞片,常见园艺栽培或野生观赏植物
flowers102/images/image_03333.jpg,鹤望兰,Bird of Paradise,鹤望兰科,花序形似鸟首，具橙色苞片,常见园艺栽培或野生观赏植物
flowers102/images/image_03336.jpg,鹤望兰,Bird of Paradise,鹤望兰科,花序形似鸟首，具橙色苞片,常见园艺栽培或野生观赏植物
flowers102/images/image_03345.jpg,鹤望兰,Bird of Paradise,鹤望兰科,花序形似鸟首，具橙色苞片,常见园艺栽培或野生观赏植物
flowers102/images/image_03356.jpg,鹤望兰,Bird of Paradise,鹤望兰科,花序形似鸟首，具橙色苞片,常见园艺栽培或野生观赏植物
flowers102/images/image_03360.jpg,鹤望兰,Bird of Paradise,鹤望兰科,花序形似鸟首，具橙色苞片,常见园艺栽培或野生观赏植物
flowers102/images/image_03362.jpg,鹤望兰,Bird of Paradise,鹤望兰科,花序形似鸟首，具橙色苞片,常见园艺栽培或野生观赏植物
flowers102/images/image_03392.jpg,花格贝母,Fritillary,百合科,花被六枚，具网格状斑纹,常见园艺栽培或野生观赏植物
flowers102/images/image_03395.jpg,花格贝母,Fritillary,百合科,花被六枚，具网格状斑纹,常见园艺栽培或野生观赏植物
flowers102/images/image_03399.jpg,花格贝母,Fritillary,百合科,花被六枚，具网格状斑纹,常见园艺栽培或野生观赏植物
flowers102/images/image_03404.jpg,花格贝母,Fritillary,百合科,花被六枚，具网格状斑纹,常见园艺栽培或野生观赏植物
flowers102/images/image_03424.jpg,花格贝母,Fritillary,百合科,花被六枚，具网格状斑纹,常见园艺栽培或野生观赏植物
flowers102/images/image_03427.jpg,花格贝母,Fritillary,百合科,花被六枚，具网格状斑纹,常见园艺栽培或野生观赏植物
flowers102/images/image_03440.jpg,花格贝母,Fritillary,百合科,花被六枚，具网格状斑纹,常见园艺栽培或野生观赏植物
flowers102/images/image_03441.jpg,花格贝母,Fritillary,百合科,花被六枚，具网格状斑纹,常见园艺栽培或野生观赏植物
flowers102/images/image_03442.jpg,花格贝母,Fritillary,百合科,花被六枚，具网格状斑纹,常见园艺栽培或野生观赏植物
flowers102/images/image_03446.jpg,花格贝母,Fritillary,百合科,花被六枚，具网格状斑纹,常见园艺栽培或野生观赏植物
flowers102/images/image_03465.jpg,美国石竹（须苞石竹）,Sweet William,石竹科,花瓣先端常具锯齿，聚伞花序,常见园艺栽培或野生观赏植物
flowers102/images/image_03473.jpg,美国石竹（须苞石竹）,Sweet William,石竹科,花瓣先端常具锯齿，聚伞花序,常见园艺栽培或野生观赏植物
flowers102/images/image_03484.jpg,美国石竹（须苞石竹）,Sweet William,石竹科,花瓣先端常具锯齿，聚伞花序,常见园艺栽培或野生观赏植物
flowers102/images/image_03488.jpg,美国石竹（须苞石竹）,Sweet William,石竹科,花瓣先端常具锯齿，聚伞花序,常见园艺栽培或野生观赏植物
flowers102/images/image_03489.jpg,美国石竹（须苞石竹）,Sweet William,石竹科,花瓣先端常具锯齿，聚伞花序,常见园艺栽培或野生观赏植物
flowers102/images/image_03505.jpg,美国石竹（须苞石竹）,Sweet William,石竹科,花瓣先端常具锯齿，聚伞花序,常见园艺栽培或野生观赏植物
flowers102/images/image_03510.jpg,美国石竹（须苞石竹）,Sweet William,石竹科,花瓣先端常具锯齿，聚伞花序,常见园艺栽培或野生观赏植物
flowers102/images/image_03518.jpg,美国石竹（须苞石竹）,Sweet William,石竹科,花瓣先端常具锯齿，聚伞花序,常见园艺栽培或野生观赏植物
flowers102/images/image_03528.jpg,美国石竹（须苞石竹）,Sweet William,石竹科,花瓣先端常具锯齿，聚伞花序,常见园艺栽培或野生观赏植物
flowers102/images/image_03538.jpg,美国石竹（须苞石竹）,Sweet William,石竹科,花瓣先端常具锯齿，聚伞花序,常见园艺栽培或野生观赏植物
flowers102/images/image_03548.jpg,杜鹃花,Azalea,杜鹃花科,花冠合瓣，雄蕊常为花冠裂片两倍,常见园艺栽培或野生观赏植物
flowers102/images/image_03555.jpg,杜鹃花,Azalea,杜鹃花科,花冠合瓣，雄蕊常为花冠裂片两倍,常见园艺栽培或野生观赏植物
flowers102/images/image_03579.jpg,杜鹃花,Azalea,杜鹃花科,花冠合瓣，雄蕊常为花冠裂片两倍,常见园艺栽培或野生观赏植物
flowers102/images/image_03582.jpg,杜鹃花,Azalea,杜鹃花科,花冠合瓣，雄蕊常为花冠裂片两倍,常见园艺栽培或野生观赏植物
flowers102/images/image_03597.jpg,杜鹃花,Azalea,杜鹃花科,花冠合瓣，雄蕊常为花冠裂片两倍,常见园艺栽培或野生观赏植物
flowers102/images/image_03609.jpg,杜鹃花,Azalea,杜鹃花科,花冠合瓣，雄蕊常为花冠裂片两倍,常见园艺栽培或野生观赏植物
flowers102/images/image_03612.jpg,杜鹃花,Azalea,杜鹃花科,花冠合瓣，雄蕊常为花冠裂片两倍,常见园艺栽培或野生观赏植物
flowers102/images/image_03617.jpg,杜鹃花,Azalea,杜鹃花科,花冠合瓣，雄蕊常为花冠裂片两倍,常见园艺栽培或野生观赏植物
flowers102/images/image_03619.jpg,杜鹃花,Azalea,杜鹃花科,花冠合瓣，雄蕊常为花冠裂片两倍,常见园艺栽培或野生观赏植物
flowers102/images/image_03637.jpg,杜鹃花,Azalea,杜鹃花科,花冠合瓣，雄蕊常为花冠裂片两倍,常见园艺栽培或野生观赏植物
flowers102/images/image_03651.jpg,报春花,Primula,报春花科,花冠合瓣五裂，伞形花序,常见园艺栽培或野生观赏植物
flowers102/images/image_03666.jpg,报春花,Primula,报春花科,花冠合瓣五裂，伞形花序,常见园艺栽培或野生观赏植物
flowers102/images/image_03667.jpg,报春花,Primula,报春花科,花冠合瓣五裂，伞形花序,常见园艺栽培或野生观赏植物
flowers102/images/image_03681.jpg,报春花,Primula,报春花科,花冠合瓣五裂，伞形花序,常见园艺栽培或野生观赏植物
flowers102/images/image_03691.jpg,报春花,Primula,报春花科,花冠合瓣五裂，伞形花序,常见园艺栽培或野生观赏植物
flowers102/images/image_03719.jpg,报春花,Primula,报春花科,花冠合瓣五裂，伞形花序,常见园艺栽培或野生观赏植物
flowers102/images/image_03722.jpg,报春花,Primula,报春花科,花冠合瓣五裂，伞形花序,常见园艺栽培或野生观赏植物
flowers102/images/image_03725.jpg,报春花,Primula,报春花科,花冠合瓣五裂，伞形花序,常见园艺栽培或野生观赏植物
flowers102/images/image_03729.jpg,报春花,Primula,报春花科,花冠合瓣五裂，伞形花序,常见园艺栽培或野生观赏植物
flowers102/images/image_03730.jpg,报春花,Primula,报春花科,花冠合瓣五裂，伞形花序,常见园艺栽培或野生观赏植物
flowers102/images/image_03761.jpg,好望角花（园艺品种）,Cape Flower,园艺栽培品种,观赏栽培品种,常见园艺栽培或野生观赏植物
flowers102/images/image_03769.jpg,好望角花（园艺品种）,Cape Flower,园艺栽培品种,观赏栽培品种,常见园艺栽培或野生观赏植物
flowers102/images/image_03783.jpg,好望角花（园艺品种）,Cape Flower,园艺栽培品种,观赏栽培品种,常见园艺栽培或野生观赏植物
flowers102/images/image_03787.jpg,好望角花（园艺品种）,Cape Flower,园艺栽培品种,观赏栽培品种,常见园艺栽培或野生观赏植物
flowers102/images/image_03791.jpg,好望角花（园艺品种）,Cape Flower,园艺栽培品种,观赏栽培品种,常见园艺栽培或野生观赏植物
flowers102/images/image_03802.jpg,好望角花（园艺品种）,Cape Flower,园艺栽培品种,观赏栽培品种,常见园艺栽培或野生观赏植物
flowers102/images/image_03811.jpg,好望角花（园艺品种）,Cape Flower,园艺栽培品种,观赏栽培品种,常见园艺栽培或野生观赏植物
flowers102/images/image_03822.jpg,好望角花（园艺品种）,Cape Flower,园艺栽培品种,观赏栽培品种,常见园艺栽培或野生观赏植物
flowers102/images/image_03835.jpg,紫锥菊（松果菊）,Purple Coneflower,菊科,头状花序，管状花凸起如松果,常见园艺栽培或野生观赏植物
flowers102/images/image_03843.jpg,紫锥菊（松果菊）,Purple Coneflower,菊科,头状花序，管状花凸起如松果,常见园艺栽培或野生观赏植物
flowers102/images/image_03848.jpg,紫锥菊（松果菊）,Purple Coneflower,菊科,头状花序，管状花凸起如松果,常见园艺栽培或野生观赏植物
flowers102/images/image_03855.jpg,紫锥菊（松果菊）,Purple Coneflower,菊科,头状花序，管状花凸起如松果,常见园艺栽培或野生观赏植物
flowers102/images/image_03860.jpg,紫锥菊（松果菊）,Purple Coneflower,菊科,头状花序，管状花凸起如松果,常见园艺栽培或野生观赏植物
flowers102/images/image_03864.jpg,紫锥菊（松果菊）,Purple Coneflower,菊科,头状花序，管状花凸起如松果,常见园艺栽培或野生观赏植物
flowers102/images/image_03873.jpg,紫锥菊（松果菊）,Purple Coneflower,菊科,头状花序，管状花凸起如松果,常见园艺栽培或野生观赏植物
flowers102/images/image_03875.jpg,紫锥菊（松果菊）,Purple Coneflower,菊科,头状花序，管状花凸起如松果,常见园艺栽培或野生观赏植物
flowers102/images/image_03887.jpg,紫锥菊（松果菊）,Purple Coneflower,菊科,头状花序，管状花凸起如松果,常见园艺栽培或野生观赏植物
flowers102/images/image_03908.jpg,紫锥菊（松果菊）,Purple Coneflower,菊科,头状花序，管状花凸起如松果,常见园艺栽培或野生观赏植物
flowers102/images/image_03935.jpg,矮牵牛,Petunia,茄科,花冠合瓣，漏斗状，五裂,常见园艺栽培或野生观赏植物
flowers102/images/image_03955.jpg,矮牵牛,Petunia,茄科,花冠合瓣，漏斗状，五裂,常见园艺栽培或野生观赏植物
flowers102/images/image_03967.jpg,矮牵牛,Petunia,茄科,花冠合瓣，漏斗状，五裂,常见园艺栽培或野生观赏植物
flowers102/images/image_04009.jpg,款冬,Colt's Foot,菊科,头状花序，先花后叶,常见园艺栽培或野生观赏植物
flowers102/images/image_04019.jpg,款冬,Colt's Foot,菊科,头状花序，先花后叶,常见园艺栽培或野生观赏植物
flowers102/images/image_04020.jpg,款冬,Colt's Foot,菊科,头状花序，先花后叶,常见园艺栽培或野生观赏植物
flowers102/images/image_04027.jpg,款冬,Colt's Foot,菊科,头状花序，先花后叶,常见园艺栽培或野生观赏植物
flowers102/images/image_04030.jpg,款冬,Colt's Foot,菊科,头状花序，先花后叶,常见园艺栽培或野生观赏植物
flowers102/images/image_04036.jpg,款冬,Colt's Foot,菊科,头状花序，先花后叶,常见园艺栽培或野生观赏植物
flowers102/images/image_04045.jpg,款冬,Colt's Foot,菊科,头状花序，先花后叶,常见园艺栽培或野生观赏植物
flowers102/images/image_04058.jpg,款冬,Colt's Foot,菊科,头状花序，先花后叶,常见园艺栽培或野生观赏植物
flowers102/images/image_04059.jpg,款冬,Colt's Foot,菊科,头状花序，先花后叶,常见园艺栽培或野生观赏植物
flowers102/images/image_04066.jpg,款冬,Colt's Foot,菊科,头状花序，先花后叶,常见园艺栽培或野生观赏植物
flowers102/images/image_04095.jpg,菜蓟（洋蓟）,Artichoke,菊科,头状花序，总苞片肉质,常见园艺栽培或野生观赏植物
flowers102/images/image_04103.jpg,菜蓟（洋蓟）,Artichoke,菊科,头状花序，总苞片肉质,常见园艺栽培或野生观赏植物
flowers102/images/image_04105.jpg,菜蓟（洋蓟）,Artichoke,菊科,头状花序，总苞片肉质,常见园艺栽培或野生观赏植物
flowers102/images/image_04107.jpg,菜蓟（洋蓟）,Artichoke,菊科,头状花序，总苞片肉质,常见园艺栽培或野生观赏植物
flowers102/images/image_04123.jpg,菜蓟（洋蓟）,Artichoke,菊科,头状花序，总苞片肉质,常见园艺栽培或野生观赏植物
flowers102/images/image_04127.jpg,菜蓟（洋蓟）,Artichoke,菊科,头状花序，总苞片肉质,常见园艺栽培或野生观赏植物
flowers102/images/image_04134.jpg,菜蓟（洋蓟）,Artichoke,菊科,头状花序，总苞片肉质,常见园艺栽培或野生观赏植物
flowers102/images/image_04139.jpg,菜蓟（洋蓟）,Artichoke,菊科,头状花序，总苞片肉质,常见园艺栽培或野生观赏植物
flowers102/images/image_04142.jpg,菜蓟（洋蓟）,Artichoke,菊科,头状花序，总苞片肉质,常见园艺栽培或野生观赏植物
flowers102/images/image_04152.jpg,菜蓟（洋蓟）,Artichoke,菊科,头状花序，总苞片肉质,常见园艺栽培或野生观赏植物
flowers102/images/image_04167.jpg,三色堇（野堇）,Wild Pansy,堇菜科,花两侧对称，具距,常见园艺栽培或野生观赏植物
flowers102/images/image_04189.jpg,三色堇（野堇）,Wild Pansy,堇菜科,花两侧对称，具距,常见园艺栽培或野生观赏植物
flowers102/images/image_04208.jpg,三色堇（野堇）,Wild Pansy,堇菜科,花两侧对称，具距,常见园艺栽培或野生观赏植物
flowers102/images/image_04215.jpg,三色堇（野堇）,Wild Pansy,堇菜科,花两侧对称，具距,常见园艺栽培或野生观赏植物
flowers102/images/image_04223.jpg,三色堇（野堇）,Wild Pansy,堇菜科,花两侧对称，具距,常见园艺栽培或野生观赏植物
flowers102/images/image_04224.jpg,三色堇（野堇）,Wild Pansy,堇菜科,花两侧对称，具距,常见园艺栽培或野生观赏植物
flowers102/images/image_04234.jpg,三色堇（野堇）,Wild Pansy,堇菜科,花两侧对称，具距,常见园艺栽培或野生观赏植物
flowers102/images/image_04236.jpg,三色堇（野堇）,Wild Pansy,堇菜科,花两侧对称，具距,常见园艺栽培或野生观赏植物
flowers102/images/image_04238.jpg,三色堇（野堇）,Wild Pansy,堇菜科,花两侧对称，具距,常见园艺栽培或野生观赏植物
flowers102/images/image_04241.jpg,三色堇（野堇）,Wild Pansy,堇菜科,花两侧对称，具距,常见园艺栽培或野生观赏植物
flowers102/images/image_04244.jpg,六出花（秘鲁百合）,Peruvian Lily,六出花科,花被六枚，内轮具斑纹,常见园艺栽培或野生观赏植物
flowers102/images/image_04252.jpg,六出花（秘鲁百合）,Peruvian Lily,六出花科,花被六枚，内轮具斑纹,常见园艺栽培或野生观赏植物
flowers102/images/image_04279.jpg,六出花（秘鲁百合）,Peruvian Lily,六出花科,花被六枚，内轮具斑纹,常见园艺栽培或野生观赏植物
flowers102/images/image_04284.jpg,六出花（秘鲁百合）,Peruvian Lily,六出花科,花被六枚，内轮具斑纹,常见园艺栽培或野生观赏植物
flowers102/images/image_04287.jpg,六出花（秘鲁百合）,Peruvian Lily,六出花科,花被六枚，内轮具斑纹,常见园艺栽培或野生观赏植物
flowers102/images/image_04289.jpg,六出花（秘鲁百合）,Peruvian Lily,六出花科,花被六枚，内轮具斑纹,常见园艺栽培或野生观赏植物
flowers102/images/image_04297.jpg,六出花（秘鲁百合）,Peruvian Lily,六出花科,花被六枚，内轮具斑纹,常见园艺栽培或野生观赏植物
flowers102/images/image_04298.jpg,六出花（秘鲁百合）,Peruvian Lily,六出花科,花被六枚，内轮具斑纹,常见园艺栽培或野生观赏植物
flowers102/images/image_04299.jpg,六出花（秘鲁百合）,Peruvian Lily,六出花科,花被六枚，内轮具斑纹,常见园艺栽培或野生观赏植物
flowers102/images/image_04300.jpg,六出花（秘鲁百合）,Peruvian Lily,六出花科,花被六枚，内轮具斑纹,常见园艺栽培或野生观赏植物
flowers102/images/image_04327.jpg,红唇卡特兰,Ruby-lipped Cattleya,兰科,花两侧对称，唇瓣色深,常见园艺栽培或野生观赏植物
flowers102/images/image_04329.jpg,红唇卡特兰,Ruby-lipped Cattleya,兰科,花两侧对称，唇瓣色深,常见园艺栽培或野生观赏植物
flowers102/images/image_04333.jpg,红唇卡特兰,Ruby-lipped Cattleya,兰科,花两侧对称，唇瓣色深,常见园艺栽培或野生观赏植物
flowers102/images/image_04338.jpg,红唇卡特兰,Ruby-lipped Cattleya,兰科,花两侧对称，唇瓣色深,常见园艺栽培或野生观赏植物
flowers102/images/image_04341.jpg,红唇卡特兰,Ruby-lipped Cattleya,兰科,花两侧对称，唇瓣色深,常见园艺栽培或野生观赏植物
flowers102/images/image_04347.jpg,红唇卡特兰,Ruby-lipped Cattleya,兰科,花两侧对称，唇瓣色深,常见园艺栽培或野生观赏植物
flowers102/images/image_04358.jpg,红唇卡特兰,Ruby-lipped Cattleya,兰科,花两侧对称，唇瓣色深,常见园艺栽培或野生观赏植物
flowers102/images/image_04369.jpg,红唇卡特兰,Ruby-lipped Cattleya,兰科,花两侧对称，唇瓣色深,常见园艺栽培或野生观赏植物
flowers102/images/image_04395.jpg,红唇卡特兰,Ruby-lipped Cattleya,兰科,花两侧对称，唇瓣色深,常见园艺栽培或野生观赏植物
flowers102/images/image_04400.jpg,红唇卡特兰,Ruby-lipped Cattleya,兰科,花两侧对称，唇瓣色深,常见园艺栽培或野生观赏植物
flowers102/images/image_04418.jpg,美人蕉,Canna Lily,美人蕉科,花不对称，雄蕊花瓣状,常见园艺栽培或野生观赏植物
flowers102/images/image_04428.jpg,美人蕉,Canna Lily,美人蕉科,花不对称，雄蕊花瓣状,常见园艺栽培或野生观赏植物
flowers102/images/image_04438.jpg,美人蕉,Canna Lily,美人蕉科,花不对称，雄蕊花瓣状,常见园艺栽培或野生观赏植物
flowers102/images/image_04443.jpg,美人蕉,Canna Lily,美人蕉科,花不对称，雄蕊花瓣状,常见园艺栽培或野生观赏植物
flowers102/images/image_04449.jpg,美人蕉,Canna Lily,美人蕉科,花不对称，雄蕊花瓣状,常见园艺栽培或野生观赏植物
flowers102/images/image_04458.jpg,美人蕉,Canna Lily,美人蕉科,花不对称，雄蕊花瓣状,常见园艺栽培或野生观赏植物
flowers102/images/image_04464.jpg,美人蕉,Canna Lily,美人蕉科,花不对称，雄蕊花瓣状,常见园艺栽培或野生观赏植物
flowers102/images/image_04475.jpg,美人蕉,Canna Lily,美人蕉科,花不对称，雄蕊花瓣状,常见园艺栽培或野生观赏植物
flowers102/images/image_04480.jpg,美人蕉,Canna Lily,美人蕉科,花不对称，雄蕊花瓣状,常见园艺栽培或野生观赏植物
flowers102/images/image_04488.jpg,勋章菊,Gazania,菊科,头状花序，舌状花具深色环纹,常见园艺栽培或野生观赏植物
flowers102/images/image_04491.jpg,勋章菊,Gazania,菊科,头状花序，舌状花具深色环纹,常见园艺栽培或野生观赏植物
flowers102/images/image_04500.jpg,勋章菊,Gazania,菊科,头状花序，舌状花具深色环纹,常见园艺栽培或野生观赏植物
flowers102/images/image_04507.jpg,勋章菊,Gazania,菊科,头状花序，舌状花具深色环纹,常见园艺栽培或野生观赏植物
flowers102/images/image_04518.jpg,勋章菊,Gazania,菊科,头状花序，舌状花具深色环纹,常见园艺栽培或野生观赏植物
flowers102/images/image_04523.jpg,勋章菊,Gazania,菊科,头状花序，舌状花具深色环纹,常见园艺栽培或野生观赏植物
flowers102/images/image_04524.jpg,勋章菊,Gazania,菊科,头状花序，舌状花具深色环纹,常见园艺栽培或野生观赏植物
flowers102/images/image_04537.jpg,勋章菊,Gazania,菊科,头状花序，舌状花具深色环纹,常见园艺栽培或野生观赏植物
flowers102/images/image_04538.jpg,勋章菊,Gazania,菊科,头状花序，舌状花具深色环纹,常见园艺栽培或野生观赏植物
flowers102/images/image_04554.jpg,勋章菊,Gazania,菊科,头状花序，舌状花具深色环纹,常见园艺栽培或野生观赏植物
flowers102/images/image_04558.jpg,铁筷子（圣诞玫瑰）,Lenten Rose,毛茛科,花多具多数雄蕊，花被片宿存,常见园艺栽培或野生观赏植物
flowers102/images/image_04563.jpg,铁筷子（圣诞玫瑰）,Lenten Rose,毛茛科,花多具多数雄蕊，花被片宿存,常见园艺栽培或野生观赏植物
flowers102/images/image_04566.jpg,铁筷子（圣诞玫瑰）,Lenten Rose,毛茛科,花多具多数雄蕊，花被片宿存,常见园艺栽培或野生观赏植物
flowers102/images/image_04572.jpg,铁筷子（圣诞玫瑰）,Lenten Rose,毛茛科,花多具多数雄蕊，花被片宿存,常见园艺栽培或野生观赏植物
flowers102/images/image_04573.jpg,铁筷子（圣诞玫瑰）,Lenten Rose,毛茛科,花多具多数雄蕊，花被片宿存,常见园艺栽培或野生观赏植物
flowers102/images/image_04582.jpg,铁筷子（圣诞玫瑰）,Lenten Rose,毛茛科,花多具多数雄蕊，花被片宿存,常见园艺栽培或野生观赏植物
flowers102/images/image_04583.jpg,铁筷子（圣诞玫瑰）,Lenten Rose,毛茛科,花多具多数雄蕊，花被片宿存,常见园艺栽培或野生观赏植物
flowers102/images/image_04586.jpg,铁筷子（圣诞玫瑰）,Lenten Rose,毛茛科,花多具多数雄蕊，花被片宿存,常见园艺栽培或野生观赏植物
flowers102/images/image_04605.jpg,铁筷子（圣诞玫瑰）,Lenten Rose,毛茛科,花多具多数雄蕊，花被片宿存,常见园艺栽培或野生观赏植物
flowers102/images/image_04614.jpg,铁筷子（圣诞玫瑰）,Lenten Rose,毛茛科,花多具多数雄蕊，花被片宿存,常见园艺栽培或野生观赏植物
flowers102/images/image_04625.jpg,毛茛,Buttercup,毛茛科,花多具多数离生雄蕊与雌蕊，花瓣具光泽,常见园艺栽培或野生观赏植物
flowers102/images/image_04645.jpg,毛茛,Buttercup,毛茛科,花多具多数离生雄蕊与雌蕊，花瓣具光泽,常见园艺栽培或野生观赏植物
flowers102/images/image_04660.jpg,毛茛,Buttercup,毛茛科,花多具多数离生雄蕊与雌蕊，花瓣具光泽,常见园艺栽培或野生观赏植物
flowers102/images/image_04663.jpg,毛茛,Buttercup,毛茛科,花多具多数离生雄蕊与雌蕊，花瓣具光泽,常见园艺栽培或野生观赏植物
flowers102/images/image_04672.jpg,毛茛,Buttercup,毛茛科,花多具多数离生雄蕊与雌蕊，花瓣具光泽,常见园艺栽培或野生观赏植物
flowers102/images/image_04676.jpg,毛茛,Buttercup,毛茛科,花多具多数离生雄蕊与雌蕊，花瓣具光泽,常见园艺栽培或野生观赏植物
flowers102/images/image_04683.jpg,毛茛,Buttercup,毛茛科,花多具多数离生雄蕊与雌蕊，花瓣具光泽,常见园艺栽培或野生观赏植物
flowers102/images/image_04689.jpg,毛茛,Buttercup,毛茛科,花多具多数离生雄蕊与雌蕊，花瓣具光泽,常见园艺栽培或野生观赏植物
flowers102/images/image_04690.jpg,毛茛,Buttercup,毛茛科,花多具多数离生雄蕊与雌蕊，花瓣具光泽,常见园艺栽培或野生观赏植物
flowers102/images/image_04694.jpg,毛茛,Buttercup,毛茛科,花多具多数离生雄蕊与雌蕊，花瓣具光泽,常见园艺栽培或野生观赏植物
flowers102/images/image_04703.jpg,天竺葵,Pelargonium,牻牛儿苗科,伞形花序，花两侧微对称,常见园艺栽培或野生观赏植物
flowers102/images/image_04720.jpg,天竺葵,Pelargonium,牻牛儿苗科,伞形花序，花两侧微对称,常见园艺栽培或野生观赏植物
flowers102/images/image_04723.jpg,天竺葵,Pelargonium,牻牛儿苗科,伞形花序，花两侧微对称,常见园艺栽培或野生观赏植物
flowers102/images/image_04726.jpg,天竺葵,Pelargonium,牻牛儿苗科,伞形花序，花两侧微对称,常见园艺栽培或野生观赏植物
flowers102/images/image_04735.jpg,天竺葵,Pelargonium,牻牛儿苗科,伞形花序，花两侧微对称,常见园艺栽培或野生观赏植物
flowers102/images/image_04740.jpg,天竺葵,Pelargonium,牻牛儿苗科,伞形花序，花两侧微对称,常见园艺栽培或野生观赏植物
flowers102/images/image_04741.jpg,天竺葵,Pelargonium,牻牛儿苗科,伞形花序，花两侧微对称,常见园艺栽培或野生观赏植物
flowers102/images/image_04746.jpg,天竺葵,Pelargonium,牻牛儿苗科,伞形花序，花两侧微对称,常见园艺栽培或野生观赏植物
flowers102/images/image_04757.jpg,天竺葵,Pelargonium,牻牛儿苗科,伞形花序，花两侧微对称,常见园艺栽培或野生观赏植物
flowers102/images/image_04758.jpg,天竺葵,Pelargonium,牻牛儿苗科,伞形花序，花两侧微对称,常见园艺栽培或野生观赏植物
flowers102/images/image_04770.jpg,沙漠玫瑰,Desert-rose,夹竹桃科,花冠五裂，具膨大肉质茎,常见园艺栽培或野生观赏植物
flowers102/images/image_04771.jpg,沙漠玫瑰,Desert-rose,夹竹桃科,花冠五裂，具膨大肉质茎,常见园艺栽培或野生观赏植物
flowers102/images/image_04772.jpg,沙漠玫瑰,Desert-rose,夹竹桃科,花冠五裂，具膨大肉质茎,常见园艺栽培或野生观赏植物
flowers102/images/image_04776.jpg,沙漠玫瑰,Desert-rose,夹竹桃科,花冠五裂，具膨大肉质茎,常见园艺栽培或野生观赏植物
flowers102/images/image_04779.jpg,沙漠玫瑰,Desert-rose,夹竹桃科,花冠五裂，具膨大肉质茎,常见园艺栽培或野生观赏植物
flowers102/images/image_04797.jpg,沙漠玫瑰,Desert-rose,夹竹桃科,花冠五裂，具膨大肉质茎,常见园艺栽培或野生观赏植物
flowers102/images/image_04806.jpg,沙漠玫瑰,Desert-rose,夹竹桃科,花冠五裂，具膨大肉质茎,常见园艺栽培或野生观赏植物
flowers102/images/image_04807.jpg,沙漠玫瑰,Desert-rose,夹竹桃科,花冠五裂，具膨大肉质茎,常见园艺栽培或野生观赏植物
flowers102/images/image_04814.jpg,沙漠玫瑰,Desert-rose,夹竹桃科,花冠五裂，具膨大肉质茎,常见园艺栽培或野生观赏植物
flowers102/images/image_04827.jpg,沙漠玫瑰,Desert-rose,夹竹桃科,花冠五裂，具膨大肉质茎,常见园艺栽培或野生观赏植物
flowers102/images/image_04829.jpg,朱顶红,Hippeastrum,石蒜科,花被六枚，花葶中空粗壮,常见园艺栽培或野生观赏植物
flowers102/images/image_04836.jpg,朱顶红,Hippeastrum,石蒜科,花被六枚，花葶中空粗壮,常见园艺栽培或野生观赏植物
flowers102/images/image_04846.jpg,朱顶红,Hippeastrum,石蒜科,花被六枚，花葶中空粗壮,常见园艺栽培或野生观赏植物
flowers102/images/image_04851.jpg,朱顶红,Hippeastrum,石蒜科,花被六枚，花葶中空粗壮,常见园艺栽培或野生观赏植物
flowers102/images/image_04852.jpg,朱顶红,Hippeastrum,石蒜科,花被六枚，花葶中空粗壮,常见园艺栽培或野生观赏植物
flowers102/images/image_04855.jpg,朱顶红,Hippeastrum,石蒜科,花被六枚，花葶中空粗壮,常见园艺栽培或野生观赏植物
flowers102/images/image_04860.jpg,朱顶红,Hippeastrum,石蒜科,花被六枚，花葶中空粗壮,常见园艺栽培或野生观赏植物
flowers102/images/image_04885.jpg,朱顶红,Hippeastrum,石蒜科,花被六枚，花葶中空粗壮,常见园艺栽培或野生观赏植物
flowers102/images/image_04897.jpg,白马蹄莲,Giant White Arum Lily,天南星科,具白色佛焰苞与肉穗花序,常见园艺栽培或野生观赏植物
flowers102/images/image_04904.jpg,白马蹄莲,Giant White Arum Lily,天南星科,具白色佛焰苞与肉穗花序,常见园艺栽培或野生观赏植物
flowers102/images/image_04916.jpg,白马蹄莲,Giant White Arum Lily,天南星科,具白色佛焰苞与肉穗花序,常见园艺栽培或野生观赏植物
flowers102/images/image_04919.jpg,白马蹄莲,Giant White Arum Lily,天南星科,具白色佛焰苞与肉穗花序,常见园艺栽培或野生观赏植物
flowers102/images/image_04923.jpg,白马蹄莲,Giant White Arum Lily,天南星科,具白色佛焰苞与肉穗花序,常见园艺栽培或野生观赏植物
flowers102/images/image_04925.jpg,白马蹄莲,Giant White Arum Lily,天南星科,具白色佛焰苞与肉穗花序,常见园艺栽培或野生观赏植物
flowers102/images/image_04935.jpg,白马蹄莲,Giant White Arum Lily,天南星科,具白色佛焰苞与肉穗花序,常见园艺栽培或野生观赏植物
flowers102/images/image_04938.jpg,白马蹄莲,Giant White Arum Lily,天南星科,具白色佛焰苞与肉穗花序,常见园艺栽培或野生观赏植物
flowers102/images/image_04939.jpg,白马蹄莲,Giant White Arum Lily,天南星科,具白色佛焰苞与肉穗花序,常见园艺栽培或野生观赏植物
flowers102/images/image_04945.jpg,白马蹄莲,Giant White Arum Lily,天南星科,具白色佛焰苞与肉穗花序,常见园艺栽培或野生观赏植物
flowers102/images/image_04968.jpg,万寿菊,Marigold,菊科,头状花序，橙黄色,常见园艺栽培或野生观赏植物
flowers102/images/image_04970.jpg,万寿菊,Marigold,菊科,头状花序，橙黄色,常见园艺栽培或野生观赏植物
flowers102/images/image_04975.jpg,万寿菊,Marigold,菊科,头状花序，橙黄色,常见园艺栽培或野生观赏植物
flowers102/images/image_04978.jpg,万寿菊,Marigold,菊科,头状花序，橙黄色,常见园艺栽培或野生观赏植物
flowers102/images/image_04986.jpg,万寿菊,Marigold,菊科,头状花序，橙黄色,常见园艺栽培或野生观赏植物
flowers102/images/image_04993.jpg,万寿菊,Marigold,菊科,头状花序，橙黄色,常见园艺栽培或野生观赏植物
flowers102/images/image_05000.jpg,万寿菊,Marigold,菊科,头状花序，橙黄色,常见园艺栽培或野生观赏植物
flowers102/images/image_05004.jpg,万寿菊,Marigold,菊科,头状花序，橙黄色,常见园艺栽培或野生观赏植物
flowers102/images/image_05010.jpg,万寿菊,Marigold,菊科,头状花序，橙黄色,常见园艺栽培或野生观赏植物
flowers102/images/image_05015.jpg,万寿菊,Marigold,菊科,头状花序，橙黄色,常见园艺栽培或野生观赏植物
flowers102/images/image_05036.jpg,橙色大丽花,Orange Dahlia,菊科,头状花序，园艺栽培品种,常见园艺栽培或野生观赏植物
flowers102/images/image_05040.jpg,橙色大丽花,Orange Dahlia,菊科,头状花序，园艺栽培品种,常见园艺栽培或野生观赏植物
flowers102/images/image_05042.jpg,橙色大丽花,Orange Dahlia,菊科,头状花序，园艺栽培品种,常见园艺栽培或野生观赏植物
flowers102/images/image_05046.jpg,橙色大丽花,Orange Dahlia,菊科,头状花序，园艺栽培品种,常见园艺栽培或野生观赏植物
flowers102/images/image_05062.jpg,橙色大丽花,Orange Dahlia,菊科,头状花序，园艺栽培品种,常见园艺栽培或野生观赏植物
flowers102/images/image_05066.jpg,橙色大丽花,Orange Dahlia,菊科,头状花序，园艺栽培品种,常见园艺栽培或野生观赏植物
flowers102/images/image_05071.jpg,橙色大丽花,Orange Dahlia,菊科,头状花序，园艺栽培品种,常见园艺栽培或野生观赏植物
flowers102/images/image_05074.jpg,橙色大丽花,Orange Dahlia,菊科,头状花序，园艺栽培品种,常见园艺栽培或野生观赏植物
flowers102/images/image_05081.jpg,橙色大丽花,Orange Dahlia,菊科,头状花序，园艺栽培品种,常见园艺栽培或野生观赏植物
flowers102/images/image_05083.jpg,橙色大丽花,Orange Dahlia,菊科,头状花序，园艺栽培品种,常见园艺栽培或野生观赏植物
flowers102/images/image_05091.jpg,硬叶兜兰,Hard-leaved Pocket Orchid,兰科,花两侧对称，具特化唇瓣,常见园艺栽培或野生观赏植物
flowers102/images/image_05097.jpg,硬叶兜兰,Hard-leaved Pocket Orchid,兰科,花两侧对称，具特化唇瓣,常见园艺栽培或野生观赏植物
flowers102/images/image_05106.jpg,硬叶兜兰,Hard-leaved Pocket Orchid,兰科,花两侧对称，具特化唇瓣,常见园艺栽培或野生观赏植物
flowers102/images/image_05108.jpg,硬叶兜兰,Hard-leaved Pocket Orchid,兰科,花两侧对称，具特化唇瓣,常见园艺栽培或野生观赏植物
flowers102/images/image_05115.jpg,硬叶兜兰,Hard-leaved Pocket Orchid,兰科,花两侧对称，具特化唇瓣,常见园艺栽培或野生观赏植物
flowers102/images/image_05124.jpg,硬叶兜兰,Hard-leaved Pocket Orchid,兰科,花两侧对称，具特化唇瓣,常见园艺栽培或野生观赏植物
flowers102/images/image_05137.jpg,硬叶兜兰,Hard-leaved Pocket Orchid,兰科,花两侧对称，具特化唇瓣,常见园艺栽培或野生观赏植物
flowers102/images/image_05142.jpg,硬叶兜兰,Hard-leaved Pocket Orchid,兰科,花两侧对称，具特化唇瓣,常见园艺栽培或野生观赏植物
flowers102/images/image_05145.jpg,硬叶兜兰,Hard-leaved Pocket Orchid,兰科,花两侧对称，具特化唇瓣,常见园艺栽培或野生观赏植物
flowers102/images/image_05146.jpg,硬叶兜兰,Hard-leaved Pocket Orchid,兰科,花两侧对称，具特化唇瓣,常见园艺栽培或野生观赏植物
flowers102/images/image_05161.jpg,金盏花,English Marigold,菊科,头状花序，舌状花橙黄色,常见园艺栽培或野生观赏植物
flowers102/images/image_05164.jpg,金盏花,English Marigold,菊科,头状花序，舌状花橙黄色,常见园艺栽培或野生观赏植物
flowers102/images/image_05167.jpg,金盏花,English Marigold,菊科,头状花序，舌状花橙黄色,常见园艺栽培或野生观赏植物
flowers102/images/image_05174.jpg,金盏花,English Marigold,菊科,头状花序，舌状花橙黄色,常见园艺栽培或野生观赏植物
flowers102/images/image_05182.jpg,金盏花,English Marigold,菊科,头状花序，舌状花橙黄色,常见园艺栽培或野生观赏植物
flowers102/images/image_05186.jpg,金盏花,English Marigold,菊科,头状花序，舌状花橙黄色,常见园艺栽培或野生观赏植物
flowers102/images/image_05187.jpg,金盏花,English Marigold,菊科,头状花序，舌状花橙黄色,常见园艺栽培或野生观赏植物
flowers102/images/image_05191.jpg,金盏花,English Marigold,菊科,头状花序，舌状花橙黄色,常见园艺栽培或野生观赏植物
flowers102/images/image_05194.jpg,金盏花,English Marigold,菊科,头状花序，舌状花橙黄色,常见园艺栽培或野生观赏植物
flowers102/images/image_05199.jpg,金盏花,English Marigold,菊科,头状花序，舌状花橙黄色,常见园艺栽培或野生观赏植物
flowers102/images/image_05226.jpg,无茎龙胆,Stemless Gentian,龙胆科,花冠钟形，多为蓝色,常见园艺栽培或野生观赏植物
flowers102/images/image_05230.jpg,无茎龙胆,Stemless Gentian,龙胆科,花冠钟形，多为蓝色,常见园艺栽培或野生观赏植物
flowers102/images/image_05232.jpg,无茎龙胆,Stemless Gentian,龙胆科,花冠钟形，多为蓝色,常见园艺栽培或野生观赏植物
flowers102/images/image_05234.jpg,无茎龙胆,Stemless Gentian,龙胆科,花冠钟形，多为蓝色,常见园艺栽培或野生观赏植物
flowers102/images/image_05240.jpg,无茎龙胆,Stemless Gentian,龙胆科,花冠钟形，多为蓝色,常见园艺栽培或野生观赏植物
flowers102/images/image_05243.jpg,无茎龙胆,Stemless Gentian,龙胆科,花冠钟形，多为蓝色,常见园艺栽培或野生观赏植物
flowers102/images/image_05259.jpg,无茎龙胆,Stemless Gentian,龙胆科,花冠钟形，多为蓝色,常见园艺栽培或野生观赏植物
flowers102/images/image_05260.jpg,无茎龙胆,Stemless Gentian,龙胆科,花冠钟形，多为蓝色,常见园艺栽培或野生观赏植物
flowers102/images/image_05261.jpg,无茎龙胆,Stemless Gentian,龙胆科,花冠钟形，多为蓝色,常见园艺栽培或野生观赏植物
flowers102/images/image_05272.jpg,无茎龙胆,Stemless Gentian,龙胆科,花冠钟形，多为蓝色,常见园艺栽培或野生观赏植物
flowers102/images/image_05279.jpg,树罂粟,Tree Poppy,罂粟科,花瓣多枚，雄蕊多数，亚灌木,常见园艺栽培或野生观赏植物
flowers102/images/image_05289.jpg,树罂粟,Tree Poppy,罂粟科,花瓣多枚，雄蕊多数，亚灌木,常见园艺栽培或野生观赏植物
flowers102/images/image_05292.jpg,树罂粟,Tree Poppy,罂粟科,花瓣多枚，雄蕊多数，亚灌木,常见园艺栽培或野生观赏植物
flowers102/images/image_05306.jpg,树罂粟,Tree Poppy,罂粟科,花瓣多枚，雄蕊多数，亚灌木,常见园艺栽培或野生观赏植物
flowers102/images/image_05309.jpg,树罂粟,Tree Poppy,罂粟科,花瓣多枚，雄蕊多数，亚灌木,常见园艺栽培或野生观赏植物
flowers102/images/image_05310.jpg,树罂粟,Tree Poppy,罂粟科,花瓣多枚，雄蕊多数，亚灌木,常见园艺栽培或野生观赏植物
flowers102/images/image_05321.jpg,树罂粟,Tree Poppy,罂粟科,花瓣多枚，雄蕊多数，亚灌木,常见园艺栽培或野生观赏植物
flowers102/images/image_05330.jpg,树罂粟,Tree Poppy,罂粟科,花瓣多枚，雄蕊多数，亚灌木,常见园艺栽培或野生观赏植物
flowers102/images/image_05333.jpg,树罂粟,Tree Poppy,罂粟科,花瓣多枚，雄蕊多数，亚灌木,常见园艺栽培或野生观赏植物
flowers102/images/image_05336.jpg,树罂粟,Tree Poppy,罂粟科,花瓣多枚，雄蕊多数，亚灌木,常见园艺栽培或野生观赏植物
flowers102/images/image_05344.jpg,蓝盆花（松虫草）,Pincushion Flower,川续断科,头状花序，总苞片明显,常见园艺栽培或野生观赏植物
flowers102/images/image_05345.jpg,蓝盆花（松虫草）,Pincushion Flower,川续断科,头状花序，总苞片明显,常见园艺栽培或野生观赏植物
flowers102/images/image_05351.jpg,蓝盆花（松虫草）,Pincushion Flower,川续断科,头状花序，总苞片明显,常见园艺栽培或野生观赏植物
flowers102/images/image_05362.jpg,蓝盆花（松虫草）,Pincushion Flower,川续断科,头状花序，总苞片明显,常见园艺栽培或野生观赏植物
flowers102/images/image_05367.jpg,蓝盆花（松虫草）,Pincushion Flower,川续断科,头状花序，总苞片明显,常见园艺栽培或野生观赏植物
flowers102/images/image_05369.jpg,蓝盆花（松虫草）,Pincushion Flower,川续断科,头状花序，总苞片明显,常见园艺栽培或野生观赏植物
flowers102/images/image_05374.jpg,蓝盆花（松虫草）,Pincushion Flower,川续断科,头状花序，总苞片明显,常见园艺栽培或野生观赏植物
flowers102/images/image_05379.jpg,蓝盆花（松虫草）,Pincushion Flower,川续断科,头状花序，总苞片明显,常见园艺栽培或野生观赏植物
flowers102/images/image_05389.jpg,蓝盆花（松虫草）,Pincushion Flower,川续断科,头状花序，总苞片明显,常见园艺栽培或野生观赏植物
flowers102/images/image_05396.jpg,蓝盆花（松虫草）,Pincushion Flower,川续断科,头状花序，总苞片明显,常见园艺栽培或野生观赏植物
flowers102/images/image_05400.jpg,向日葵,Sunflower,菊科,大型头状花序，中心管状花密集,常见园艺栽培或野生观赏植物
flowers102/images/image_05407.jpg,向日葵,Sunflower,菊科,大型头状花序，中心管状花密集,常见园艺栽培或野生观赏植物
flowers102/images/image_05412.jpg,向日葵,Sunflower,菊科,大型头状花序，中心管状花密集,常见园艺栽培或野生观赏植物
flowers102/images/image_05419.jpg,向日葵,Sunflower,菊科,大型头状花序，中心管状花密集,常见园艺栽培或野生观赏植物
flowers102/images/image_05425.jpg,向日葵,Sunflower,菊科,大型头状花序，中心管状花密集,常见园艺栽培或野生观赏植物
flowers102/images/image_05428.jpg,向日葵,Sunflower,菊科,大型头状花序，中心管状花密集,常见园艺栽培或野生观赏植物
flowers102/images/image_05430.jpg,向日葵,Sunflower,菊科,大型头状花序，中心管状花密集,常见园艺栽培或野生观赏植物
flowers102/images/image_05431.jpg,向日葵,Sunflower,菊科,大型头状花序，中心管状花密集,常见园艺栽培或野生观赏植物
flowers102/images/image_05437.jpg,向日葵,Sunflower,菊科,大型头状花序，中心管状花密集,常见园艺栽培或野生观赏植物
flowers102/images/image_05443.jpg,向日葵,Sunflower,菊科,大型头状花序，中心管状花密集,常见园艺栽培或野生观赏植物
flowers102/images/image_05461.jpg,玉兰,Magnolia,木兰科,花大型，花被片多枚,常见园艺栽培或野生观赏植物
flowers102/images/image_05472.jpg,玉兰,Magnolia,木兰科,花大型，花被片多枚,常见园艺栽培或野生观赏植物
flowers102/images/image_05475.jpg,玉兰,Magnolia,木兰科,花大型，花被片多枚,常见园艺栽培或野生观赏植物
flowers102/images/image_05479.jpg,玉兰,Magnolia,木兰科,花大型，花被片多枚,常见园艺栽培或野生观赏植物
flowers102/images/image_05484.jpg,玉兰,Magnolia,木兰科,花大型，花被片多枚,常见园艺栽培或野生观赏植物
flowers102/images/image_05485.jpg,玉兰,Magnolia,木兰科,花大型，花被片多枚,常见园艺栽培或野生观赏植物
flowers102/images/image_05491.jpg,玉兰,Magnolia,木兰科,花大型，花被片多枚,常见园艺栽培或野生观赏植物
flowers102/images/image_05498.jpg,玉兰,Magnolia,木兰科,花大型，花被片多枚,常见园艺栽培或野生观赏植物
flowers102/images/image_05510.jpg,玉兰,Magnolia,木兰科,花大型，花被片多枚,常见园艺栽培或野生观赏植物
flowers102/images/image_05517.jpg,玉兰,Magnolia,木兰科,花大型，花被片多枚,常见园艺栽培或野生观赏植物
flowers102/images/image_05523.jpg,蓝目菊,Osteospermum,菊科,头状花序，舌状花蓝紫色,常见园艺栽培或野生观赏植物
flowers102/images/image_05538.jpg,蓝目菊,Osteospermum,菊科,头状花序，舌状花蓝紫色,常见园艺栽培或野生观赏植物
flowers102/images/image_05560.jpg,蓝目菊,Osteospermum,菊科,头状花序，舌状花蓝紫色,常见园艺栽培或野生观赏植物
flowers102/images/image_05563.jpg,蓝目菊,Osteospermum,菊科,头状花序，舌状花蓝紫色,常见园艺栽培或野生观赏植物
flowers102/images/image_05564.jpg,蓝目菊,Osteospermum,菊科,头状花序，舌状花蓝紫色,常见园艺栽培或野生观赏植物
flowers102/images/image_05567.jpg,蓝目菊,Osteospermum,菊科,头状花序，舌状花蓝紫色,常见园艺栽培或野生观赏植物
flowers102/images/image_05571.jpg,蓝目菊,Osteospermum,菊科,头状花序，舌状花蓝紫色,常见园艺栽培或野生观赏植物
flowers102/images/image_05573.jpg,蓝目菊,Osteospermum,菊科,头状花序，舌状花蓝紫色,常见园艺栽培或野生观赏植物
flowers102/images/image_05576.jpg,蓝目菊,Osteospermum,菊科,头状花序，舌状花蓝紫色,常见园艺栽培或野生观赏植物
flowers102/images/image_05581.jpg,蓝目菊,Osteospermum,菊科,头状花序，舌状花蓝紫色,常见园艺栽培或野生观赏植物
flowers102/images/image_05585.jpg,宿根福禄考,Garden Phlox,花荵科,伞房状聚伞花序，花冠五裂,常见园艺栽培或野生观赏植物
flowers102/images/image_05588.jpg,宿根福禄考,Garden Phlox,花荵科,伞房状聚伞花序，花冠五裂,常见园艺栽培或野生观赏植物
flowers102/images/image_05590.jpg,宿根福禄考,Garden Phlox,花荵科,伞房状聚伞花序，花冠五裂,常见园艺栽培或野生观赏植物
flowers102/images/image_05595.jpg,宿根福禄考,Garden Phlox,花荵科,伞房状聚伞花序，花冠五裂,常见园艺栽培或野生观赏植物
flowers102/images/image_05599.jpg,宿根福禄考,Garden Phlox,花荵科,伞房状聚伞花序，花冠五裂,常见园艺栽培或野生观赏植物
flowers102/images/image_05601.jpg,宿根福禄考,Garden Phlox,花荵科,伞房状聚伞花序，花冠五裂,常见园艺栽培或野生观赏植物
flowers102/images/image_05609.jpg,宿根福禄考,Garden Phlox,花荵科,伞房状聚伞花序，花冠五裂,常见园艺栽培或野生观赏植物
flowers102/images/image_05616.jpg,宿根福禄考,Garden Phlox,花荵科,伞房状聚伞花序，花冠五裂,常见园艺栽培或野生观赏植物
flowers102/images/image_05619.jpg,宿根福禄考,Garden Phlox,花荵科,伞房状聚伞花序，花冠五裂,常见园艺栽培或野生观赏植物
flowers102/images/image_05625.jpg,宿根福禄考,Garden Phlox,花荵科,伞房状聚伞花序，花冠五裂,常见园艺栽培或野生观赏植物
flowers102/images/image_05634.jpg,香豌豆,Sweet Pea,豆科,蝶形花冠，攀援草本,常见园艺栽培或野生观赏植物
flowers102/images/image_05636.jpg,香豌豆,Sweet Pea,豆科,蝶形花冠，攀援草本,常见园艺栽培或野生观赏植物
flowers102/images/image_05637.jpg,香豌豆,Sweet Pea,豆科,蝶形花冠，攀援草本,常见园艺栽培或野生观赏植物
flowers102/images/image_05638.jpg,香豌豆,Sweet Pea,豆科,蝶形花冠，攀援草本,常见园艺栽培或野生观赏植物
flowers102/images/image_05640.jpg,香豌豆,Sweet Pea,豆科,蝶形花冠，攀援草本,常见园艺栽培或野生观赏植物
flowers102/images/image_05653.jpg,香豌豆,Sweet Pea,豆科,蝶形花冠，攀援草本,常见园艺栽培或野生观赏植物
flowers102/images/image_05659.jpg,香豌豆,Sweet Pea,豆科,蝶形花冠，攀援草本,常见园艺栽培或野生观赏植物
flowers102/images/image_05662.jpg,香豌豆,Sweet Pea,豆科,蝶形花冠，攀援草本,常见园艺栽培或野生观赏植物
flowers102/images/image_05664.jpg,香豌豆,Sweet Pea,豆科,蝶形花冠，攀援草本,常见园艺栽培或野生观赏植物
flowers102/images/image_05670.jpg,香豌豆,Sweet Pea,豆科,蝶形花冠，攀援草本,常见园艺栽培或野生观赏植物
flowers102/images/image_05685.jpg,黄水仙,Daffodil,石蒜科,花被六枚，具杯状副花冠,常见园艺栽培或野生观赏植物
flowers102/images/image_05689.jpg,黄水仙,Daffodil,石蒜科,花被六枚，具杯状副花冠,常见园艺栽培或野生观赏植物
flowers102/images/image_05699.jpg,黄水仙,Daffodil,石蒜科,花被六枚，具杯状副花冠,常见园艺栽培或野生观赏植物
flowers102/images/image_05718.jpg,黄水仙,Daffodil,石蒜科,花被六枚，具杯状副花冠,常见园艺栽培或野生观赏植物
flowers102/images/image_05721.jpg,黄水仙,Daffodil,石蒜科,花被六枚，具杯状副花冠,常见园艺栽培或野生观赏植物
flowers102/images/image_05724.jpg,黄水仙,Daffodil,石蒜科,花被六枚，具杯状副花冠,常见园艺栽培或野生观赏植物
flowers102/images/image_05727.jpg,黄水仙,Daffodil,石蒜科,花被六枚，具杯状副花冠,常见园艺栽培或野生观赏植物
flowers102/images/image_05728.jpg,黄水仙,Daffodil,石蒜科,花被六枚，具杯状副花冠,常见园艺栽培或野生观赏植物
flowers102/images/image_05731.jpg,黄水仙,Daffodil,石蒜科,花被六枚，具杯状副花冠,常见园艺栽培或野生观赏植物
flowers102/images/image_05740.jpg,黄水仙,Daffodil,石蒜科,花被六枚，具杯状副花冠,常见园艺栽培或野生观赏植物
flowers102/images/image_05746.jpg,帝王花,King Protea,山龙眼科,头状花序，具大型木质总苞,常见园艺栽培或野生观赏植物
flowers102/images/image_05752.jpg,帝王花,King Protea,山龙眼科,头状花序，具大型木质总苞,常见园艺栽培或野生观赏植物
flowers102/images/image_05753.jpg,帝王花,King Protea,山龙眼科,头状花序，具大型木质总苞,常见园艺栽培或野生观赏植物
flowers102/images/image_05755.jpg,帝王花,King Protea,山龙眼科,头状花序，具大型木质总苞,常见园艺栽培或野生观赏植物
flowers102/images/image_05762.jpg,帝王花,King Protea,山龙眼科,头状花序，具大型木质总苞,常见园艺栽培或野生观赏植物
flowers102/images/image_05779.jpg,帝王花,King Protea,山龙眼科,头状花序，具大型木质总苞,常见园艺栽培或野生观赏植物
flowers102/images/image_05783.jpg,帝王花,King Protea,山龙眼科,头状花序，具大型木质总苞,常见园艺栽培或野生观赏植物
flowers102/images/image_05786.jpg,帝王花,King Protea,山龙眼科,头状花序，具大型木质总苞,常见园艺栽培或野生观赏植物
flowers102/images/image_05787.jpg,帝王花,King Protea,山龙眼科,头状花序，具大型木质总苞,常见园艺栽培或野生观赏植物
flowers102/images/image_05789.jpg,帝王花,King Protea,山龙眼科,头状花序，具大型木质总苞,常见园艺栽培或野生观赏植物
flowers102/images/image_05794.jpg,大星芹,Great Masterwort,伞形科,复伞形花序，具纸质苞片,常见园艺栽培或野生观赏植物
flowers102/images/image_05796.jpg,大星芹,Great Masterwort,伞形科,复伞形花序，具纸质苞片,常见园艺栽培或野生观赏植物
flowers102/images/image_05798.jpg,大星芹,Great Masterwort,伞形科,复伞形花序，具纸质苞片,常见园艺栽培或野生观赏植物
flowers102/images/image_05809.jpg,大星芹,Great Masterwort,伞形科,复伞形花序，具纸质苞片,常见园艺栽培或野生观赏植物
flowers102/images/image_05815.jpg,大星芹,Great Masterwort,伞形科,复伞形花序，具纸质苞片,常见园艺栽培或野生观赏植物
flowers102/images/image_05819.jpg,大星芹,Great Masterwort,伞形科,复伞形花序，具纸质苞片,常见园艺栽培或野生观赏植物
flowers102/images/image_05823.jpg,大星芹,Great Masterwort,伞形科,复伞形花序，具纸质苞片,常见园艺栽培或野生观赏植物
flowers102/images/image_05828.jpg,大星芹,Great Masterwort,伞形科,复伞形花序，具纸质苞片,常见园艺栽培或野生观赏植物
flowers102/images/image_05832.jpg,大星芹,Great Masterwort,伞形科,复伞形花序，具纸质苞片,常见园艺栽培或野生观赏植物
flowers102/images/image_05839.jpg,大星芹,Great Masterwort,伞形科,复伞形花序，具纸质苞片,常见园艺栽培或野生观赏植物
flowers102/images/image_05866.jpg,黑心金光菊,Black-eyed Susan,菊科,头状花序，中心管状花深色,常见园艺栽培或野生观赏植物
flowers102/images/image_05874.jpg,黑心金光菊,Black-eyed Susan,菊科,头状花序，中心管状花深色,常见园艺栽培或野生观赏植物
flowers102/images/image_05876.jpg,黑心金光菊,Black-eyed Susan,菊科,头状花序，中心管状花深色,常见园艺栽培或野生观赏植物
flowers102/images/image_05881.jpg,黑心金光菊,Black-eyed Susan,菊科,头状花序，中心管状花深色,常见园艺栽培或野生观赏植物
flowers102/images/image_05888.jpg,黑心金光菊,Black-eyed Susan,菊科,头状花序，中心管状花深色,常见园艺栽培或野生观赏植物
flowers102/images/image_05891.jpg,黑心金光菊,Black-eyed Susan,菊科,头状花序，中心管状花深色,常见园艺栽培或野生观赏植物
flowers102/images/image_05893.jpg,黑心金光菊,Black-eyed Susan,菊科,头状花序，中心管状花深色,常见园艺栽培或野生观赏植物
flowers102/images/image_05896.jpg,黑心金光菊,Black-eyed Susan,菊科,头状花序，中心管状花深色,常见园艺栽培或野生观赏植物
flowers102/images/image_05897.jpg,黑心金光菊,Black-eyed Susan,菊科,头状花序，中心管状花深色,常见园艺栽培或野生观赏植物
flowers102/images/image_05900.jpg,黑心金光菊,Black-eyed Susan,菊科,头状花序，中心管状花深色,常见园艺栽培或野生观赏植物
flowers102/images/image_05906.jpg,德国鸢尾,Bearded Iris,鸢尾科,花被六枚，外轮下垂具须毛,常见园艺栽培或野生观赏植物
flowers102/images/image_05916.jpg,德国鸢尾,Bearded Iris,鸢尾科,花被六枚，外轮下垂具须毛,常见园艺栽培或野生观赏植物
flowers102/images/image_05918.jpg,德国鸢尾,Bearded Iris,鸢尾科,花被六枚，外轮下垂具须毛,常见园艺栽培或野生观赏植物
flowers102/images/image_05922.jpg,德国鸢尾,Bearded Iris,鸢尾科,花被六枚，外轮下垂具须毛,常见园艺栽培或野生观赏植物
flowers102/images/image_05925.jpg,德国鸢尾,Bearded Iris,鸢尾科,花被六枚，外轮下垂具须毛,常见园艺栽培或野生观赏植物
flowers102/images/image_05931.jpg,德国鸢尾,Bearded Iris,鸢尾科,花被六枚，外轮下垂具须毛,常见园艺栽培或野生观赏植物
flowers102/images/image_05937.jpg,德国鸢尾,Bearded Iris,鸢尾科,花被六枚，外轮下垂具须毛,常见园艺栽培或野生观赏植物
flowers102/images/image_05947.jpg,德国鸢尾,Bearded Iris,鸢尾科,花被六枚，外轮下垂具须毛,常见园艺栽培或野生观赏植物
flowers102/images/image_05950.jpg,德国鸢尾,Bearded Iris,鸢尾科,花被六枚，外轮下垂具须毛,常见园艺栽培或野生观赏植物
flowers102/images/image_05951.jpg,德国鸢尾,Bearded Iris,鸢尾科,花被六枚，外轮下垂具须毛,常见园艺栽培或野生观赏植物
flowers102/images/image_05964.jpg,银莲花,Windflower,毛茛科,花被片多枚，雄蕊多数,常见园艺栽培或野生观赏植物
flowers102/images/image_05972.jpg,银莲花,Windflower,毛茛科,花被片多枚，雄蕊多数,常见园艺栽培或野生观赏植物
flowers102/images/image_05974.jpg,银莲花,Windflower,毛茛科,花被片多枚，雄蕊多数,常见园艺栽培或野生观赏植物
flowers102/images/image_05983.jpg,银莲花,Windflower,毛茛科,花被片多枚，雄蕊多数,常见园艺栽培或野生观赏植物
flowers102/images/image_05986.jpg,银莲花,Windflower,毛茛科,花被片多枚，雄蕊多数,常见园艺栽培或野生观赏植物
flowers102/images/image_05994.jpg,银莲花,Windflower,毛茛科,花被片多枚，雄蕊多数,常见园艺栽培或野生观赏植物
flowers102/images/image_05997.jpg,银莲花,Windflower,毛茛科,花被片多枚，雄蕊多数,常见园艺栽培或野生观赏植物
flowers102/images/image_06000.jpg,银莲花,Windflower,毛茛科,花被片多枚，雄蕊多数,常见园艺栽培或野生观赏植物
flowers102/images/image_06002.jpg,银莲花,Windflower,毛茛科,花被片多枚，雄蕊多数,常见园艺栽培或野生观赏植物
flowers102/images/image_06010.jpg,银莲花,Windflower,毛茛科,花被片多枚，雄蕊多数,常见园艺栽培或野生观赏植物
flowers102/images/image_06013.jpg,球松萝铁兰,Ball Moss,凤梨科,叶莲座状，植株附生,常见园艺栽培或野生观赏植物
flowers102/images/image_06016.jpg,球松萝铁兰,Ball Moss,凤梨科,叶莲座状，植株附生,常见园艺栽培或野生观赏植物
flowers102/images/image_06017.jpg,球松萝铁兰,Ball Moss,凤梨科,叶莲座状，植株附生,常见园艺栽培或野生观赏植物
flowers102/images/image_06027.jpg,球松萝铁兰,Ball Moss,凤梨科,叶莲座状，植株附生,常见园艺栽培或野生观赏植物
flowers102/images/image_06033.jpg,球松萝铁兰,Ball Moss,凤梨科,叶莲座状，植株附生,常见园艺栽培或野生观赏植物
flowers102/images/image_06038.jpg,球松萝铁兰,Ball Moss,凤梨科,叶莲座状，植株附生,常见园艺栽培或野生观赏植物
flowers102/images/image_06040.jpg,球松萝铁兰,Ball Moss,凤梨科,叶莲座状，植株附生,常见园艺栽培或野生观赏植物
flowers102/images/image_06045.jpg,球松萝铁兰,Ball Moss,凤梨科,叶莲座状，植株附生,常见园艺栽培或野生观赏植物
flowers102/images/image_06052.jpg,翼蓟,Spear Thistle,菊科,头状花序，茎叶具刺,常见园艺栽培或野生观赏植物
flowers102/images/image_06053.jpg,翼蓟,Spear Thistle,菊科,头状花序，茎叶具刺,常见园艺栽培或野生观赏植物
flowers102/images/image_06058.jpg,翼蓟,Spear Thistle,菊科,头状花序，茎叶具刺,常见园艺栽培或野生观赏植物
flowers102/images/image_06061.jpg,翼蓟,Spear Thistle,菊科,头状花序，茎叶具刺,常见园艺栽培或野生观赏植物
flowers102/images/image_06066.jpg,翼蓟,Spear Thistle,菊科,头状花序，茎叶具刺,常见园艺栽培或野生观赏植物
flowers102/images/image_06075.jpg,翼蓟,Spear Thistle,菊科,头状花序，茎叶具刺,常见园艺栽培或野生观赏植物
flowers102/images/image_06083.jpg,翼蓟,Spear Thistle,菊科,头状花序，茎叶具刺,常见园艺栽培或野生观赏植物
flowers102/images/image_06087.jpg,翼蓟,Spear Thistle,菊科,头状花序，茎叶具刺,常见园艺栽培或野生观赏植物
flowers102/images/image_06092.jpg,翼蓟,Spear Thistle,菊科,头状花序，茎叶具刺,常见园艺栽培或野生观赏植物
flowers102/images/image_06093.jpg,翼蓟,Spear Thistle,菊科,头状花序，茎叶具刺,常见园艺栽培或野生观赏植物
flowers102/images/image_06101.jpg,银旋花,Silverbush,旋花科,花冠漏斗状，叶被银色绒毛,常见园艺栽培或野生观赏植物
flowers102/images/image_06105.jpg,银旋花,Silverbush,旋花科,花冠漏斗状，叶被银色绒毛,常见园艺栽培或野生观赏植物
flowers102/images/image_06118.jpg,银旋花,Silverbush,旋花科,花冠漏斗状，叶被银色绒毛,常见园艺栽培或野生观赏植物
flowers102/images/image_06119.jpg,银旋花,Silverbush,旋花科,花冠漏斗状，叶被银色绒毛,常见园艺栽培或野生观赏植物
flowers102/images/image_06122.jpg,银旋花,Silverbush,旋花科,花冠漏斗状，叶被银色绒毛,常见园艺栽培或野生观赏植物
flowers102/images/image_06127.jpg,银旋花,Silverbush,旋花科,花冠漏斗状，叶被银色绒毛,常见园艺栽培或野生观赏植物
flowers102/images/image_06129.jpg,银旋花,Silverbush,旋花科,花冠漏斗状，叶被银色绒毛,常见园艺栽培或野生观赏植物
flowers102/images/image_06133.jpg,银旋花,Silverbush,旋花科,花冠漏斗状，叶被银色绒毛,常见园艺栽培或野生观赏植物
flowers102/images/image_06142.jpg,银旋花,Silverbush,旋花科,花冠漏斗状，叶被银色绒毛,常见园艺栽培或野生观赏植物
flowers102/images/image_06144.jpg,银旋花,Silverbush,旋花科,花冠漏斗状，叶被银色绒毛,常见园艺栽培或野生观赏植物
flowers102/images/image_06161.jpg,桔梗,Balloon Flower,桔梗科,花冠钟形，多为蓝紫色,常见园艺栽培或野生观赏植物
flowers102/images/image_06169.jpg,桔梗,Balloon Flower,桔梗科,花冠钟形，多为蓝紫色,常见园艺栽培或野生观赏植物
flowers102/images/image_06170.jpg,桔梗,Balloon Flower,桔梗科,花冠钟形，多为蓝紫色,常见园艺栽培或野生观赏植物
flowers102/images/image_06175.jpg,桔梗,Balloon Flower,桔梗科,花冠钟形，多为蓝紫色,常见园艺栽培或野生观赏植物
flowers102/images/image_06179.jpg,桔梗,Balloon Flower,桔梗科,花冠钟形，多为蓝紫色,常见园艺栽培或野生观赏植物
flowers102/images/image_06180.jpg,桔梗,Balloon Flower,桔梗科,花冠钟形，多为蓝紫色,常见园艺栽培或野生观赏植物
flowers102/images/image_06181.jpg,桔梗,Balloon Flower,桔梗科,花冠钟形，多为蓝紫色,常见园艺栽培或野生观赏植物
flowers102/images/image_06186.jpg,桔梗,Balloon Flower,桔梗科,花冠钟形，多为蓝紫色,常见园艺栽培或野生观赏植物
flowers102/images/image_06189.jpg,桔梗,Balloon Flower,桔梗科,花冠钟形，多为蓝紫色,常见园艺栽培或野生观赏植物
flowers102/images/image_06192.jpg,桔梗,Balloon Flower,桔梗科,花冠钟形，多为蓝紫色,常见园艺栽培或野生观赏植物
flowers102/images/image_06206.jpg,滨菊（牛眼菊）,Oxeye Daisy,菊科,头状花序，舌状花白色,常见园艺栽培或野生观赏植物
flowers102/images/image_06213.jpg,滨菊（牛眼菊）,Oxeye Daisy,菊科,头状花序，舌状花白色,常见园艺栽培或野生观赏植物
flowers102/images/image_06214.jpg,滨菊（牛眼菊）,Oxeye Daisy,菊科,头状花序，舌状花白色,常见园艺栽培或野生观赏植物
flowers102/images/image_06218.jpg,滨菊（牛眼菊）,Oxeye Daisy,菊科,头状花序，舌状花白色,常见园艺栽培或野生观赏植物
flowers102/images/image_06229.jpg,滨菊（牛眼菊）,Oxeye Daisy,菊科,头状花序，舌状花白色,常见园艺栽培或野生观赏植物
flowers102/images/image_06232.jpg,滨菊（牛眼菊）,Oxeye Daisy,菊科,头状花序，舌状花白色,常见园艺栽培或野生观赏植物
flowers102/images/image_06233.jpg,滨菊（牛眼菊）,Oxeye Daisy,菊科,头状花序，舌状花白色,常见园艺栽培或野生观赏植物
flowers102/images/image_06237.jpg,滨菊（牛眼菊）,Oxeye Daisy,菊科,头状花序，舌状花白色,常见园艺栽培或野生观赏植物
flowers102/images/image_06242.jpg,滨菊（牛眼菊）,Oxeye Daisy,菊科,头状花序，舌状花白色,常见园艺栽培或野生观赏植物
flowers102/images/image_06243.jpg,滨菊（牛眼菊）,Oxeye Daisy,菊科,头状花序，舌状花白色,常见园艺栽培或野生观赏植物
flowers102/images/image_06248.jpg,红苞距药姜,Cautleya Spicata,姜科,花序具覆瓦状苞片，苞片红色,常见园艺栽培或野生观赏植物
flowers102/images/image_06252.jpg,红苞距药姜,Cautleya Spicata,姜科,花序具覆瓦状苞片，苞片红色,常见园艺栽培或野生观赏植物
flowers102/images/image_06254.jpg,红苞距药姜,Cautleya Spicata,姜科,花序具覆瓦状苞片，苞片红色,常见园艺栽培或野生观赏植物
flowers102/images/image_06256.jpg,红苞距药姜,Cautleya Spicata,姜科,花序具覆瓦状苞片，苞片红色,常见园艺栽培或野生观赏植物
flowers102/images/image_06261.jpg,红苞距药姜,Cautleya Spicata,姜科,花序具覆瓦状苞片，苞片红色,常见园艺栽培或野生观赏植物
flowers102/images/image_06273.jpg,红苞距药姜,Cautleya Spicata,姜科,花序具覆瓦状苞片，苞片红色,常见园艺栽培或野生观赏植物
flowers102/images/image_06275.jpg,红苞距药姜,Cautleya Spicata,姜科,花序具覆瓦状苞片，苞片红色,常见园艺栽培或野生观赏植物
flowers102/images/image_06280.jpg,红苞距药姜,Cautleya Spicata,姜科,花序具覆瓦状苞片，苞片红色,常见园艺栽培或野生观赏植物
flowers102/images/image_06285.jpg,红苞距药姜,Cautleya Spicata,姜科,花序具覆瓦状苞片，苞片红色,常见园艺栽培或野生观赏植物
flowers102/images/image_06292.jpg,红苞距药姜,Cautleya Spicata,姜科,花序具覆瓦状苞片，苞片红色,常见园艺栽培或野生观赏植物
flowers102/images/image_06308.jpg,蒲公英,Common Dandelion,菊科,头状花序全为舌状花,常见园艺栽培或野生观赏植物
flowers102/images/image_06310.jpg,蒲公英,Common Dandelion,菊科,头状花序全为舌状花,常见园艺栽培或野生观赏植物
flowers102/images/image_06333.jpg,蒲公英,Common Dandelion,菊科,头状花序全为舌状花,常见园艺栽培或野生观赏植物
flowers102/images/image_06335.jpg,蒲公英,Common Dandelion,菊科,头状花序全为舌状花,常见园艺栽培或野生观赏植物
flowers102/images/image_06348.jpg,黄菖蒲,Yellow Iris,鸢尾科,花被六枚，外轮下垂,常见园艺栽培或野生观赏植物
flowers102/images/image_06350.jpg,黄菖蒲,Yellow Iris,鸢尾科,花被六枚，外轮下垂,常见园艺栽培或野生观赏植物
flowers102/images/image_06356.jpg,黄菖蒲,Yellow Iris,鸢尾科,花被六枚，外轮下垂,常见园艺栽培或野生观赏植物
flowers102/images/image_06357.jpg,黄菖蒲,Yellow Iris,鸢尾科,花被六枚，外轮下垂,常见园艺栽培或野生观赏植物
flowers102/images/image_06364.jpg,黄菖蒲,Yellow Iris,鸢尾科,花被六枚，外轮下垂,常见园艺栽培或野生观赏植物
flowers102/images/image_06368.jpg,黄菖蒲,Yellow Iris,鸢尾科,花被六枚，外轮下垂,常见园艺栽培或野生观赏植物
flowers102/images/image_06375.jpg,黄菖蒲,Yellow Iris,鸢尾科,花被六枚，外轮下垂,常见园艺栽培或野生观赏植物
flowers102/images/image_06384.jpg,黄菖蒲,Yellow Iris,鸢尾科,花被六枚，外轮下垂,常见园艺栽培或野生观赏植物
flowers102/images/image_06386.jpg,黄菖蒲,Yellow Iris,鸢尾科,花被六枚，外轮下垂,常见园艺栽培或野生观赏植物
flowers102/images/image_06387.jpg,黄菖蒲,Yellow Iris,鸢尾科,花被六枚，外轮下垂,常见园艺栽培或野生观赏植物
flowers102/images/image_06398.jpg,乌头,Monkshood,毛茛科,花两侧对称，上萼片盔状,常见园艺栽培或野生观赏植物
flowers102/images/image_06404.jpg,乌头,Monkshood,毛茛科,花两侧对称，上萼片盔状,常见园艺栽培或野生观赏植物
flowers102/images/image_06408.jpg,乌头,Monkshood,毛茛科,花两侧对称，上萼片盔状,常见园艺栽培或野生观赏植物
flowers102/images/image_06415.jpg,乌头,Monkshood,毛茛科,花两侧对称，上萼片盔状,常见园艺栽培或野生观赏植物
flowers102/images/image_06420.jpg,乌头,Monkshood,毛茛科,花两侧对称，上萼片盔状,常见园艺栽培或野生观赏植物
flowers102/images/image_06423.jpg,乌头,Monkshood,毛茛科,花两侧对称，上萼片盔状,常见园艺栽培或野生观赏植物
flowers102/images/image_06424.jpg,乌头,Monkshood,毛茛科,花两侧对称，上萼片盔状,常见园艺栽培或野生观赏植物
flowers102/images/image_06430.jpg,乌头,Monkshood,毛茛科,花两侧对称，上萼片盔状,常见园艺栽培或野生观赏植物
flowers102/images/image_06437.jpg,乌头,Monkshood,毛茛科,花两侧对称，上萼片盔状,常见园艺栽培或野生观赏植物
flowers102/images/image_06438.jpg,乌头,Monkshood,毛茛科,花两侧对称，上萼片盔状,常见园艺栽培或野生观赏植物
flowers102/images/image_06443.jpg,黑种草,Love in the Mist,毛茛科,花被片多枚，具羽状分裂苞叶,常见园艺栽培或野生观赏植物
flowers102/images/image_06449.jpg,黑种草,Love in the Mist,毛茛科,花被片多枚，具羽状分裂苞叶,常见园艺栽培或野生观赏植物
flowers102/images/image_06450.jpg,黑种草,Love in the Mist,毛茛科,花被片多枚，具羽状分裂苞叶,常见园艺栽培或野生观赏植物
flowers102/images/image_06453.jpg,黑种草,Love in the Mist,毛茛科,花被片多枚，具羽状分裂苞叶,常见园艺栽培或野生观赏植物
flowers102/images/image_06459.jpg,黑种草,Love in the Mist,毛茛科,花被片多枚，具羽状分裂苞叶,常见园艺栽培或野生观赏植物
flowers102/images/image_06460.jpg,黑种草,Love in the Mist,毛茛科,花被片多枚，具羽状分裂苞叶,常见园艺栽培或野生观赏植物
flowers102/images/image_06468.jpg,黑种草,Love in the Mist,毛茛科,花被片多枚，具羽状分裂苞叶,常见园艺栽培或野生观赏植物
flowers102/images/image_06474.jpg,黑种草,Love in the Mist,毛茛科,花被片多枚，具羽状分裂苞叶,常见园艺栽培或野生观赏植物
flowers102/images/image_06480.jpg,黑种草,Love in the Mist,毛茛科,花被片多枚，具羽状分裂苞叶,常见园艺栽培或野生观赏植物
flowers102/images/image_06481.jpg,黑种草,Love in the Mist,毛茛科,花被片多枚，具羽状分裂苞叶,常见园艺栽培或野生观赏植物
flowers102/images/image_06487.jpg,虞美人,Corn Poppy,罂粟科,花瓣四枚，雄蕊多数，花瓣薄纸质,常见园艺栽培或野生观赏植物
flowers102/images/image_06491.jpg,虞美人,Corn Poppy,罂粟科,花瓣四枚，雄蕊多数，花瓣薄纸质,常见园艺栽培或野生观赏植物
flowers102/images/image_06494.jpg,虞美人,Corn Poppy,罂粟科,花瓣四枚，雄蕊多数，花瓣薄纸质,常见园艺栽培或野生观赏植物
flowers102/images/image_06515.jpg,虞美人,Corn Poppy,罂粟科,花瓣四枚，雄蕊多数，花瓣薄纸质,常见园艺栽培或野生观赏植物
flowers102/images/image_06516.jpg,虞美人,Corn Poppy,罂粟科,花瓣四枚，雄蕊多数，花瓣薄纸质,常见园艺栽培或野生观赏植物
flowers102/images/image_06517.jpg,虞美人,Corn Poppy,罂粟科,花瓣四枚，雄蕊多数，花瓣薄纸质,常见园艺栽培或野生观赏植物
flowers102/images/image_06522.jpg,虞美人,Corn Poppy,罂粟科,花瓣四枚，雄蕊多数，花瓣薄纸质,常见园艺栽培或野生观赏植物
flowers102/images/image_06523.jpg,虞美人,Corn Poppy,罂粟科,花瓣四枚，雄蕊多数，花瓣薄纸质,常见园艺栽培或野生观赏植物
flowers102/images/image_06524.jpg,虞美人,Corn Poppy,罂粟科,花瓣四枚，雄蕊多数，花瓣薄纸质,常见园艺栽培或野生观赏植物
flowers102/images/image_06525.jpg,虞美人,Corn Poppy,罂粟科,花瓣四枚，雄蕊多数，花瓣薄纸质,常见园艺栽培或野生观赏植物
flowers102/images/image_06531.jpg,蒲公英,Common Dandelion,菊科,头状花序全为舌状花,常见园艺栽培或野生观赏植物
flowers102/images/image_06547.jpg,蒲公英,Common Dandelion,菊科,头状花序全为舌状花,常见园艺栽培或野生观赏植物
flowers102/images/image_06549.jpg,蒲公英,Common Dandelion,菊科,头状花序全为舌状花,常见园艺栽培或野生观赏植物
flowers102/images/image_06550.jpg,蒲公英,Common Dandelion,菊科,头状花序全为舌状花,常见园艺栽培或野生观赏植物
flowers102/images/image_06556.jpg,蒲公英,Common Dandelion,菊科,头状花序全为舌状花,常见园艺栽培或野生观赏植物
flowers102/images/image_06567.jpg,蒲公英,Common Dandelion,菊科,头状花序全为舌状花,常见园艺栽培或野生观赏植物
flowers102/images/image_06574.jpg,葡萄风信子,Grape Hyacinth,百合科,总状花序，小花坛状簇生,常见园艺栽培或野生观赏植物
flowers102/images/image_06576.jpg,葡萄风信子,Grape Hyacinth,百合科,总状花序，小花坛状簇生,常见园艺栽培或野生观赏植物
flowers102/images/image_06578.jpg,葡萄风信子,Grape Hyacinth,百合科,总状花序，小花坛状簇生,常见园艺栽培或野生观赏植物
flowers102/images/image_06582.jpg,葡萄风信子,Grape Hyacinth,百合科,总状花序，小花坛状簇生,常见园艺栽培或野生观赏植物
flowers102/images/image_06587.jpg,葡萄风信子,Grape Hyacinth,百合科,总状花序，小花坛状簇生,常见园艺栽培或野生观赏植物
flowers102/images/image_06590.jpg,葡萄风信子,Grape Hyacinth,百合科,总状花序，小花坛状簇生,常见园艺栽培或野生观赏植物
flowers102/images/image_06592.jpg,葡萄风信子,Grape Hyacinth,百合科,总状花序，小花坛状簇生,常见园艺栽培或野生观赏植物
flowers102/images/image_06593.jpg,葡萄风信子,Grape Hyacinth,百合科,总状花序，小花坛状簇生,常见园艺栽培或野生观赏植物
flowers102/images/image_06601.jpg,葡萄风信子,Grape Hyacinth,百合科,总状花序，小花坛状簇生,常见园艺栽培或野生观赏植物
flowers102/images/image_06605.jpg,葡萄风信子,Grape Hyacinth,百合科,总状花序，小花坛状簇生,常见园艺栽培或野生观赏植物
flowers102/images/image_06614.jpg,坎特伯雷风铃草,Canterbury Bells,桔梗科,花冠钟形，多为蓝色系,常见园艺栽培或野生观赏植物
flowers102/images/image_06616.jpg,坎特伯雷风铃草,Canterbury Bells,桔梗科,花冠钟形，多为蓝色系,常见园艺栽培或野生观赏植物
flowers102/images/image_06618.jpg,坎特伯雷风铃草,Canterbury Bells,桔梗科,花冠钟形，多为蓝色系,常见园艺栽培或野生观赏植物
flowers102/images/image_06623.jpg,坎特伯雷风铃草,Canterbury Bells,桔梗科,花冠钟形，多为蓝色系,常见园艺栽培或野生观赏植物
flowers102/images/image_06624.jpg,坎特伯雷风铃草,Canterbury Bells,桔梗科,花冠钟形，多为蓝色系,常见园艺栽培或野生观赏植物
flowers102/images/image_06626.jpg,坎特伯雷风铃草,Canterbury Bells,桔梗科,花冠钟形，多为蓝色系,常见园艺栽培或野生观赏植物
flowers102/images/image_06632.jpg,坎特伯雷风铃草,Canterbury Bells,桔梗科,花冠钟形，多为蓝色系,常见园艺栽培或野生观赏植物
flowers102/images/image_06634.jpg,坎特伯雷风铃草,Canterbury Bells,桔梗科,花冠钟形，多为蓝色系,常见园艺栽培或野生观赏植物
flowers102/images/image_06642.jpg,坎特伯雷风铃草,Canterbury Bells,桔梗科,花冠钟形，多为蓝色系,常见园艺栽培或野生观赏植物
flowers102/images/image_06651.jpg,坎特伯雷风铃草,Canterbury Bells,桔梗科,花冠钟形，多为蓝色系,常见园艺栽培或野生观赏植物
flowers102/images/image_06652.jpg,金莲花,Globe-flower,毛茛科,花多具多数雄蕊与雌蕊，花冠球状,常见园艺栽培或野生观赏植物
flowers102/images/image_06660.jpg,金莲花,Globe-flower,毛茛科,花多具多数雄蕊与雌蕊，花冠球状,常见园艺栽培或野生观赏植物
flowers102/images/image_06663.jpg,金莲花,Globe-flower,毛茛科,花多具多数雄蕊与雌蕊，花冠球状,常见园艺栽培或野生观赏植物
flowers102/images/image_06667.jpg,金莲花,Globe-flower,毛茛科,花多具多数雄蕊与雌蕊，花冠球状,常见园艺栽培或野生观赏植物
flowers102/images/image_06674.jpg,金莲花,Globe-flower,毛茛科,花多具多数雄蕊与雌蕊，花冠球状,常见园艺栽培或野生观赏植物
flowers102/images/image_06681.jpg,金莲花,Globe-flower,毛茛科,花多具多数雄蕊与雌蕊，花冠球状,常见园艺栽培或野生观赏植物
flowers102/images/image_06688.jpg,金莲花,Globe-flower,毛茛科,花多具多数雄蕊与雌蕊，花冠球状,常见园艺栽培或野生观赏植物
flowers102/images/image_06689.jpg,金莲花,Globe-flower,毛茛科,花多具多数雄蕊与雌蕊，花冠球状,常见园艺栽培或野生观赏植物
flowers102/images/image_06690.jpg,金莲花,Globe-flower,毛茛科,花多具多数雄蕊与雌蕊，花冠球状,常见园艺栽培或野生观赏植物
flowers102/images/image_06692.jpg,金莲花,Globe-flower,毛茛科,花多具多数雄蕊与雌蕊，花冠球状,常见园艺栽培或野生观赏植物
flowers102/images/image_06693.jpg,油点草,Toad Lily,百合科,花被六枚，具斑点,常见园艺栽培或野生观赏植物
flowers102/images/image_06697.jpg,油点草,Toad Lily,百合科,花被六枚，具斑点,常见园艺栽培或野生观赏植物
flowers102/images/image_06698.jpg,油点草,Toad Lily,百合科,花被六枚，具斑点,常见园艺栽培或野生观赏植物
flowers102/images/image_06699.jpg,油点草,Toad Lily,百合科,花被六枚，具斑点,常见园艺栽培或野生观赏植物
flowers102/images/image_06700.jpg,油点草,Toad Lily,百合科,花被六枚，具斑点,常见园艺栽培或野生观赏植物
flowers102/images/image_06704.jpg,油点草,Toad Lily,百合科,花被六枚，具斑点,常见园艺栽培或野生观赏植物
flowers102/images/image_06710.jpg,油点草,Toad Lily,百合科,花被六枚，具斑点,常见园艺栽培或野生观赏植物
flowers102/images/image_06714.jpg,油点草,Toad Lily,百合科,花被六枚，具斑点,常见园艺栽培或野生观赏植物
flowers102/images/image_06715.jpg,油点草,Toad Lily,百合科,花被六枚，具斑点,常见园艺栽培或野生观赏植物
flowers102/images/image_06717.jpg,油点草,Toad Lily,百合科,花被六枚，具斑点,常见园艺栽培或野生观赏植物
flowers102/images/image_06736.jpg,粉花月见草,Pink Primrose,柳叶菜科,花四瓣，子房下位,常见园艺栽培或野生观赏植物
flowers102/images/image_06741.jpg,粉花月见草,Pink Primrose,柳叶菜科,花四瓣，子房下位,常见园艺栽培或野生观赏植物
flowers102/images/image_06744.jpg,粉花月见草,Pink Primrose,柳叶菜科,花四瓣，子房下位,常见园艺栽培或野生观赏植物
flowers102/images/image_06750.jpg,粉花月见草,Pink Primrose,柳叶菜科,花四瓣，子房下位,常见园艺栽培或野生观赏植物
flowers102/images/image_06755.jpg,粉花月见草,Pink Primrose,柳叶菜科,花四瓣，子房下位,常见园艺栽培或野生观赏植物
flowers102/images/image_06762.jpg,粉花月见草,Pink Primrose,柳叶菜科,花四瓣，子房下位,常见园艺栽培或野生观赏植物
flowers102/images/image_06765.jpg,粉花月见草,Pink Primrose,柳叶菜科,花四瓣，子房下位,常见园艺栽培或野生观赏植物
flowers102/images/image_06766.jpg,粉花月见草,Pink Primrose,柳叶菜科,花四瓣，子房下位,常见园艺栽培或野生观赏植物
flowers102/images/image_06768.jpg,粉花月见草,Pink Primrose,柳叶菜科,花四瓣，子房下位,常见园艺栽培或野生观赏植物
flowers102/images/image_06771.jpg,粉花月见草,Pink Primrose,柳叶菜科,花四瓣，子房下位,常见园艺栽培或野生观赏植物
flowers102/images/image_06781.jpg,嘉兰（火焰百合）,Fire Lily,秋水仙科,花被六枚，花瓣强烈反卷,常见园艺栽培或野生观赏植物
flowers102/images/image_06788.jpg,嘉兰（火焰百合）,Fire Lily,秋水仙科,花被六枚，花瓣强烈反卷,常见园艺栽培或野生观赏植物
flowers102/images/image_06794.jpg,嘉兰（火焰百合）,Fire Lily,秋水仙科,花被六枚，花瓣强烈反卷,常见园艺栽培或野生观赏植物
flowers102/images/image_06797.jpg,嘉兰（火焰百合）,Fire Lily,秋水仙科,花被六枚，花瓣强烈反卷,常见园艺栽培或野生观赏植物
flowers102/images/image_06798.jpg,嘉兰（火焰百合）,Fire Lily,秋水仙科,花被六枚，花瓣强烈反卷,常见园艺栽培或野生观赏植物
flowers102/images/image_06799.jpg,嘉兰（火焰百合）,Fire Lily,秋水仙科,花被六枚，花瓣强烈反卷,常见园艺栽培或野生观赏植物
flowers102/images/image_06800.jpg,嘉兰（火焰百合）,Fire Lily,秋水仙科,花被六枚，花瓣强烈反卷,常见园艺栽培或野生观赏植物
flowers102/images/image_06803.jpg,嘉兰（火焰百合）,Fire Lily,秋水仙科,花被六枚，花瓣强烈反卷,常见园艺栽培或野生观赏植物
flowers102/images/image_06804.jpg,嘉兰（火焰百合）,Fire Lily,秋水仙科,花被六枚，花瓣强烈反卷,常见园艺栽培或野生观赏植物
flowers102/images/image_06812.jpg,嘉兰（火焰百合）,Fire Lily,秋水仙科,花被六枚，花瓣强烈反卷,常见园艺栽培或野生观赏植物
flowers102/images/image_06816.jpg,红姜花,Red Ginger,姜科,花序具覆瓦状苞片，苞片红色,常见园艺栽培或野生观赏植物
flowers102/images/image_06828.jpg,红姜花,Red Ginger,姜科,花序具覆瓦状苞片，苞片红色,常见园艺栽培或野生观赏植物
flowers102/images/image_06831.jpg,红姜花,Red Ginger,姜科,花序具覆瓦状苞片，苞片红色,常见园艺栽培或野生观赏植物
flowers102/images/image_06832.jpg,红姜花,Red Ginger,姜科,花序具覆瓦状苞片，苞片红色,常见园艺栽培或野生观赏植物
flowers102/images/image_06833.jpg,红姜花,Red Ginger,姜科,花序具覆瓦状苞片，苞片红色,常见园艺栽培或野生观赏植物
flowers102/images/image_06839.jpg,红姜花,Red Ginger,姜科,花序具覆瓦状苞片，苞片红色,常见园艺栽培或野生观赏植物
flowers102/images/image_06842.jpg,红姜花,Red Ginger,姜科,花序具覆瓦状苞片，苞片红色,常见园艺栽培或野生观赏植物
flowers102/images/image_06845.jpg,红姜花,Red Ginger,姜科,花序具覆瓦状苞片，苞片红色,常见园艺栽培或野生观赏植物
flowers102/images/image_06855.jpg,千穗谷（威尔士王子羽毛）,Prince of Wales Feathers,苋科,穗状花序，花序色彩艳丽,常见园艺栽培或野生观赏植物
flowers102/images/image_06856.jpg,千穗谷（威尔士王子羽毛）,Prince of Wales Feathers,苋科,穗状花序，花序色彩艳丽,常见园艺栽培或野生观赏植物
flowers102/images/image_06857.jpg,千穗谷（威尔士王子羽毛）,Prince of Wales Feathers,苋科,穗状花序，花序色彩艳丽,常见园艺栽培或野生观赏植物
flowers102/images/image_06861.jpg,千穗谷（威尔士王子羽毛）,Prince of Wales Feathers,苋科,穗状花序，花序色彩艳丽,常见园艺栽培或野生观赏植物
flowers102/images/image_06869.jpg,千穗谷（威尔士王子羽毛）,Prince of Wales Feathers,苋科,穗状花序，花序色彩艳丽,常见园艺栽培或野生观赏植物
flowers102/images/image_06870.jpg,千穗谷（威尔士王子羽毛）,Prince of Wales Feathers,苋科,穗状花序，花序色彩艳丽,常见园艺栽培或野生观赏植物
flowers102/images/image_06872.jpg,千穗谷（威尔士王子羽毛）,Prince of Wales Feathers,苋科,穗状花序，花序色彩艳丽,常见园艺栽培或野生观赏植物
flowers102/images/image_06878.jpg,千穗谷（威尔士王子羽毛）,Prince of Wales Feathers,苋科,穗状花序，花序色彩艳丽,常见园艺栽培或野生观赏植物
flowers102/images/image_06885.jpg,千穗谷（威尔士王子羽毛）,Prince of Wales Feathers,苋科,穗状花序，花序色彩艳丽,常见园艺栽培或野生观赏植物
flowers102/images/image_06886.jpg,千穗谷（威尔士王子羽毛）,Prince of Wales Feathers,苋科,穗状花序，花序色彩艳丽,常见园艺栽培或野生观赏植物
flowers102/images/image_06892.jpg,康乃馨（香石竹）,Carnation,石竹科,花瓣先端常具锯齿，节部膨大,常见园艺栽培或野生观赏植物
flowers102/images/image_06902.jpg,康乃馨（香石竹）,Carnation,石竹科,花瓣先端常具锯齿，节部膨大,常见园艺栽培或野生观赏植物
flowers102/images/image_06909.jpg,康乃馨（香石竹）,Carnation,石竹科,花瓣先端常具锯齿，节部膨大,常见园艺栽培或野生观赏植物
flowers102/images/image_06910.jpg,康乃馨（香石竹）,Carnation,石竹科,花瓣先端常具锯齿，节部膨大,常见园艺栽培或野生观赏植物
flowers102/images/image_06911.jpg,康乃馨（香石竹）,Carnation,石竹科,花瓣先端常具锯齿，节部膨大,常见园艺栽培或野生观赏植物
flowers102/images/image_06922.jpg,康乃馨（香石竹）,Carnation,石竹科,花瓣先端常具锯齿，节部膨大,常见园艺栽培或野生观赏植物
flowers102/images/image_06931.jpg,波斯菊,Mexican Aster,菊科,头状花序，舌状花八枚左右,常见园艺栽培或野生观赏植物
flowers102/images/image_06936.jpg,波斯菊,Mexican Aster,菊科,头状花序，舌状花八枚左右,常见园艺栽培或野生观赏植物
flowers102/images/image_06940.jpg,波斯菊,Mexican Aster,菊科,头状花序，舌状花八枚左右,常见园艺栽培或野生观赏植物
flowers102/images/image_06941.jpg,波斯菊,Mexican Aster,菊科,头状花序，舌状花八枚左右,常见园艺栽培或野生观赏植物
flowers102/images/image_06946.jpg,波斯菊,Mexican Aster,菊科,头状花序，舌状花八枚左右,常见园艺栽培或野生观赏植物
flowers102/images/image_06947.jpg,波斯菊,Mexican Aster,菊科,头状花序，舌状花八枚左右,常见园艺栽培或野生观赏植物
flowers102/images/image_06950.jpg,波斯菊,Mexican Aster,菊科,头状花序，舌状花八枚左右,常见园艺栽培或野生观赏植物
flowers102/images/image_06956.jpg,波斯菊,Mexican Aster,菊科,头状花序，舌状花八枚左右,常见园艺栽培或野生观赏植物
flowers102/images/image_06962.jpg,波斯菊,Mexican Aster,菊科,头状花序，舌状花八枚左右,常见园艺栽培或野生观赏植物
flowers102/images/image_06966.jpg,波斯菊,Mexican Aster,菊科,头状花序，舌状花八枚左右,常见园艺栽培或野生观赏植物
flowers102/images/image_06972.jpg,高山刺芹,Alpine Sea Holly,伞形科,头状花序，苞片具刺,常见园艺栽培或野生观赏植物
flowers102/images/image_06973.jpg,高山刺芹,Alpine Sea Holly,伞形科,头状花序，苞片具刺,常见园艺栽培或野生观赏植物
flowers102/images/image_06979.jpg,高山刺芹,Alpine Sea Holly,伞形科,头状花序，苞片具刺,常见园艺栽培或野生观赏植物
flowers102/images/image_06980.jpg,高山刺芹,Alpine Sea Holly,伞形科,头状花序，苞片具刺,常见园艺栽培或野生观赏植物
flowers102/images/image_06982.jpg,高山刺芹,Alpine Sea Holly,伞形科,头状花序，苞片具刺,常见园艺栽培或野生观赏植物
flowers102/images/image_06989.jpg,高山刺芹,Alpine Sea Holly,伞形科,头状花序，苞片具刺,常见园艺栽培或野生观赏植物
flowers102/images/image_06994.jpg,高山刺芹,Alpine Sea Holly,伞形科,头状花序，苞片具刺,常见园艺栽培或野生观赏植物
flowers102/images/image_07000.jpg,高山刺芹,Alpine Sea Holly,伞形科,头状花序，苞片具刺,常见园艺栽培或野生观赏植物
flowers102/images/image_07010.jpg,姜荷花,Siam Tulip,姜科,花序具覆瓦状苞片，粉红色,常见园艺栽培或野生观赏植物
flowers102/images/image_07013.jpg,姜荷花,Siam Tulip,姜科,花序具覆瓦状苞片，粉红色,常见园艺栽培或野生观赏植物
flowers102/images/image_07019.jpg,姜荷花,Siam Tulip,姜科,花序具覆瓦状苞片，粉红色,常见园艺栽培或野生观赏植物
flowers102/images/image_07023.jpg,姜荷花,Siam Tulip,姜科,花序具覆瓦状苞片，粉红色,常见园艺栽培或野生观赏植物
flowers102/images/image_07025.jpg,姜荷花,Siam Tulip,姜科,花序具覆瓦状苞片，粉红色,常见园艺栽培或野生观赏植物
flowers102/images/image_07026.jpg,姜荷花,Siam Tulip,姜科,花序具覆瓦状苞片，粉红色,常见园艺栽培或野生观赏植物
flowers102/images/image_07030.jpg,姜荷花,Siam Tulip,姜科,花序具覆瓦状苞片，粉红色,常见园艺栽培或野生观赏植物
flowers102/images/image_07039.jpg,姜荷花,Siam Tulip,姜科,花序具覆瓦状苞片，粉红色,常见园艺栽培或野生观赏植物
flowers102/images/image_07043.jpg,姜荷花,Siam Tulip,姜科,花序具覆瓦状苞片，粉红色,常见园艺栽培或野生观赏植物
flowers102/images/image_07045.jpg,姜荷花,Siam Tulip,姜科,花序具覆瓦状苞片，粉红色,常见园艺栽培或野生观赏植物
flowers102/images/image_07052.jpg,春番红花,Spring Crocus,鸢尾科,花被六枚，具橙色柱头,常见园艺栽培或野生观赏植物
flowers102/images/image_07058.jpg,春番红花,Spring Crocus,鸢尾科,花被六枚，具橙色柱头,常见园艺栽培或野生观赏植物
flowers102/images/image_07059.jpg,春番红花,Spring Crocus,鸢尾科,花被六枚，具橙色柱头,常见园艺栽培或野生观赏植物
flowers102/images/image_07061.jpg,春番红花,Spring Crocus,鸢尾科,花被六枚，具橙色柱头,常见园艺栽培或野生观赏植物
flowers102/images/image_07063.jpg,春番红花,Spring Crocus,鸢尾科,花被六枚，具橙色柱头,常见园艺栽培或野生观赏植物
flowers102/images/image_07065.jpg,春番红花,Spring Crocus,鸢尾科,花被六枚，具橙色柱头,常见园艺栽培或野生观赏植物
flowers102/images/image_07069.jpg,春番红花,Spring Crocus,鸢尾科,花被六枚，具橙色柱头,常见园艺栽培或野生观赏植物
flowers102/images/image_07080.jpg,春番红花,Spring Crocus,鸢尾科,花被六枚，具橙色柱头,常见园艺栽培或野生观赏植物
flowers102/images/image_07082.jpg,春番红花,Spring Crocus,鸢尾科,花被六枚，具橙色柱头,常见园艺栽培或野生观赏植物
flowers102/images/image_07087.jpg,蓝刺头,Globe Thistle,菊科,头状花序球形，蓝色,常见园艺栽培或野生观赏植物
flowers102/images/image_07096.jpg,蓝刺头,Globe Thistle,菊科,头状花序球形，蓝色,常见园艺栽培或野生观赏植物
flowers102/images/image_07098.jpg,蓝刺头,Globe Thistle,菊科,头状花序球形，蓝色,常见园艺栽培或野生观赏植物
flowers102/images/image_07107.jpg,蓝刺头,Globe Thistle,菊科,头状花序球形，蓝色,常见园艺栽培或野生观赏植物
flowers102/images/image_07113.jpg,蓝刺头,Globe Thistle,菊科,头状花序球形，蓝色,常见园艺栽培或野生观赏植物
flowers102/images/image_07117.jpg,蓝刺头,Globe Thistle,菊科,头状花序球形，蓝色,常见园艺栽培或野生观赏植物
flowers102/images/image_07125.jpg,博莱罗深蓝（园艺品种）,Bolero Deep Blue,园艺栽培品种,观赏栽培品种,常见园艺栽培或野生观赏植物
flowers102/images/image_07130.jpg,博莱罗深蓝（园艺品种）,Bolero Deep Blue,园艺栽培品种,观赏栽培品种,常见园艺栽培或野生观赏植物
flowers102/images/image_07131.jpg,博莱罗深蓝（园艺品种）,Bolero Deep Blue,园艺栽培品种,观赏栽培品种,常见园艺栽培或野生观赏植物
flowers102/images/image_07135.jpg,博莱罗深蓝（园艺品种）,Bolero Deep Blue,园艺栽培品种,观赏栽培品种,常见园艺栽培或野生观赏植物
flowers102/images/image_07136.jpg,博莱罗深蓝（园艺品种）,Bolero Deep Blue,园艺栽培品种,观赏栽培品种,常见园艺栽培或野生观赏植物
flowers102/images/image_07140.jpg,博莱罗深蓝（园艺品种）,Bolero Deep Blue,园艺栽培品种,观赏栽培品种,常见园艺栽培或野生观赏植物
flowers102/images/image_07142.jpg,博莱罗深蓝（园艺品种）,Bolero Deep Blue,园艺栽培品种,观赏栽培品种,常见园艺栽培或野生观赏植物
flowers102/images/image_07144.jpg,博莱罗深蓝（园艺品种）,Bolero Deep Blue,园艺栽培品种,观赏栽培品种,常见园艺栽培或野生观赏植物
flowers102/images/image_07153.jpg,博莱罗深蓝（园艺品种）,Bolero Deep Blue,园艺栽培品种,观赏栽培品种,常见园艺栽培或野生观赏植物
flowers102/images/image_07156.jpg,博莱罗深蓝（园艺品种）,Bolero Deep Blue,园艺栽培品种,观赏栽培品种,常见园艺栽培或野生观赏植物
flowers102/images/image_07165.jpg,卷丹,Tiger Lily,百合科,花被六枚反卷，具深色斑点,常见园艺栽培或野生观赏植物
flowers102/images/image_07169.jpg,卷丹,Tiger Lily,百合科,花被六枚反卷，具深色斑点,常见园艺栽培或野生观赏植物
flowers102/images/image_07178.jpg,卷丹,Tiger Lily,百合科,花被六枚反卷，具深色斑点,常见园艺栽培或野生观赏植物
flowers102/images/image_07191.jpg,卷丹,Tiger Lily,百合科,花被六枚反卷，具深色斑点,常见园艺栽培或野生观赏植物
flowers102/images/image_07192.jpg,卷丹,Tiger Lily,百合科,花被六枚反卷，具深色斑点,常见园艺栽培或野生观赏植物
flowers102/images/image_07194.jpg,卷丹,Tiger Lily,百合科,花被六枚反卷，具深色斑点,常见园艺栽培或野生观赏植物
flowers102/images/image_07195.jpg,卷丹,Tiger Lily,百合科,花被六枚反卷，具深色斑点,常见园艺栽培或野生观赏植物
flowers102/images/image_07203.jpg,蝴蝶兰,Moon Orchid,兰科,花两侧对称，具特化唇瓣,常见园艺栽培或野生观赏植物
flowers102/images/image_07214.jpg,蝴蝶兰,Moon Orchid,兰科,花两侧对称，具特化唇瓣,常见园艺栽培或野生观赏植物
flowers102/images/image_07215.jpg,蝴蝶兰,Moon Orchid,兰科,花两侧对称，具特化唇瓣,常见园艺栽培或野生观赏植物
flowers102/images/image_07218.jpg,蝴蝶兰,Moon Orchid,兰科,花两侧对称，具特化唇瓣,常见园艺栽培或野生观赏植物
flowers102/images/image_07221.jpg,蝴蝶兰,Moon Orchid,兰科,花两侧对称，具特化唇瓣,常见园艺栽培或野生观赏植物
flowers102/images/image_07225.jpg,蝴蝶兰,Moon Orchid,兰科,花两侧对称，具特化唇瓣,常见园艺栽培或野生观赏植物
flowers102/images/image_07226.jpg,蝴蝶兰,Moon Orchid,兰科,花两侧对称，具特化唇瓣,常见园艺栽培或野生观赏植物
flowers102/images/image_07229.jpg,蝴蝶兰,Moon Orchid,兰科,花两侧对称，具特化唇瓣,常见园艺栽培或野生观赏植物
flowers102/images/image_07233.jpg,蝴蝶兰,Moon Orchid,兰科,花两侧对称，具特化唇瓣,常见园艺栽培或野生观赏植物
flowers102/images/image_07235.jpg,山桃草,Gaura,柳叶菜科,花四瓣，子房下位，花瓣蝶形展开,常见园艺栽培或野生观赏植物
flowers102/images/image_07237.jpg,山桃草,Gaura,柳叶菜科,花四瓣，子房下位，花瓣蝶形展开,常见园艺栽培或野生观赏植物
flowers102/images/image_07247.jpg,山桃草,Gaura,柳叶菜科,花四瓣，子房下位，花瓣蝶形展开,常见园艺栽培或野生观赏植物
flowers102/images/image_07258.jpg,山桃草,Gaura,柳叶菜科,花四瓣，子房下位，花瓣蝶形展开,常见园艺栽培或野生观赏植物
flowers102/images/image_07264.jpg,山桃草,Gaura,柳叶菜科,花四瓣，子房下位，花瓣蝶形展开,常见园艺栽培或野生观赏植物
flowers102/images/image_07274.jpg,秋牡丹（日本银莲花）,Japanese Anemone,毛茛科,花多具多数雄蕊与雌蕊，花被片多枚,常见园艺栽培或野生观赏植物
flowers102/images/image_07279.jpg,秋牡丹（日本银莲花）,Japanese Anemone,毛茛科,花多具多数雄蕊与雌蕊，花被片多枚,常见园艺栽培或野生观赏植物
flowers102/images/image_07290.jpg,好望角花（园艺品种）,Cape Flower,园艺栽培品种,观赏栽培品种,常见园艺栽培或野生观赏植物
flowers102/images/image_07294.jpg,好望角花（园艺品种）,Cape Flower,园艺栽培品种,观赏栽培品种,常见园艺栽培或野生观赏植物
flowers102/images/image_07300.jpg,美人蕉,Canna Lily,美人蕉科,花不对称，雄蕊花瓣状,常见园艺栽培或野生观赏植物
flowers102/images/image_07307.jpg,毛地黄,Foxglove,车前科,总状花序，花冠筒状钟形,常见园艺栽培或野生观赏植物
flowers102/images/image_07315.jpg,毛地黄,Foxglove,车前科,总状花序，花冠筒状钟形,常见园艺栽培或野生观赏植物
flowers102/images/image_07326.jpg,毛地黄,Foxglove,车前科,总状花序，花冠筒状钟形,常见园艺栽培或野生观赏植物
flowers102/images/image_07351.jpg,毛地黄,Foxglove,车前科,总状花序，花冠筒状钟形,常见园艺栽培或野生观赏植物
flowers102/images/image_07354.jpg,毛地黄,Foxglove,车前科,总状花序，花冠筒状钟形,常见园艺栽培或野生观赏植物
flowers102/images/image_07371.jpg,毛地黄,Foxglove,车前科,总状花序，花冠筒状钟形,常见园艺栽培或野生观赏植物
flowers102/images/image_07389.jpg,毛地黄,Foxglove,车前科,总状花序，花冠筒状钟形,常见园艺栽培或野生观赏植物
flowers102/images/image_07424.jpg,毛地黄,Foxglove,车前科,总状花序，花冠筒状钟形,常见园艺栽培或野生观赏植物
flowers102/images/image_07434.jpg,毛地黄,Foxglove,车前科,总状花序，花冠筒状钟形,常见园艺栽培或野生观赏植物
flowers102/images/image_07448.jpg,毛地黄,Foxglove,车前科,总状花序，花冠筒状钟形,常见园艺栽培或野生观赏植物
flowers102/images/image_07518.jpg,叶子花（三角梅）,Bougainvillea,紫茉莉科,苞片色彩艳丽，聚伞花序,常见园艺栽培或野生观赏植物
flowers102/images/image_07528.jpg,叶子花（三角梅）,Bougainvillea,紫茉莉科,苞片色彩艳丽，聚伞花序,常见园艺栽培或野生观赏植物
flowers102/images/image_07546.jpg,叶子花（三角梅）,Bougainvillea,紫茉莉科,苞片色彩艳丽，聚伞花序,常见园艺栽培或野生观赏植物
flowers102/images/image_07549.jpg,叶子花（三角梅）,Bougainvillea,紫茉莉科,苞片色彩艳丽，聚伞花序,常见园艺栽培或野生观赏植物
flowers102/images/image_07560.jpg,叶子花（三角梅）,Bougainvillea,紫茉莉科,苞片色彩艳丽，聚伞花序,常见园艺栽培或野生观赏植物
flowers102/images/image_07562.jpg,叶子花（三角梅）,Bougainvillea,紫茉莉科,苞片色彩艳丽，聚伞花序,常见园艺栽培或野生观赏植物
flowers102/images/image_07564.jpg,叶子花（三角梅）,Bougainvillea,紫茉莉科,苞片色彩艳丽，聚伞花序,常见园艺栽培或野生观赏植物
flowers102/images/image_07570.jpg,叶子花（三角梅）,Bougainvillea,紫茉莉科,苞片色彩艳丽，聚伞花序,常见园艺栽培或野生观赏植物
flowers102/images/image_07571.jpg,叶子花（三角梅）,Bougainvillea,紫茉莉科,苞片色彩艳丽，聚伞花序,常见园艺栽培或野生观赏植物
flowers102/images/image_07587.jpg,叶子花（三角梅）,Bougainvillea,紫茉莉科,苞片色彩艳丽，聚伞花序,常见园艺栽培或野生观赏植物
flowers102/images/image_07599.jpg,山茶花,Camellia,山茶科,花五瓣，雄蕊多数，革质叶,常见园艺栽培或野生观赏植物
flowers102/images/image_07600.jpg,山茶花,Camellia,山茶科,花五瓣，雄蕊多数，革质叶,常见园艺栽培或野生观赏植物
flowers102/images/image_07604.jpg,山茶花,Camellia,山茶科,花五瓣，雄蕊多数，革质叶,常见园艺栽培或野生观赏植物
flowers102/images/image_07617.jpg,山茶花,Camellia,山茶科,花五瓣，雄蕊多数，革质叶,常见园艺栽培或野生观赏植物
flowers102/images/image_07619.jpg,山茶花,Camellia,山茶科,花五瓣，雄蕊多数，革质叶,常见园艺栽培或野生观赏植物
flowers102/images/image_07628.jpg,山茶花,Camellia,山茶科,花五瓣，雄蕊多数，革质叶,常见园艺栽培或野生观赏植物
flowers102/images/image_07630.jpg,山茶花,Camellia,山茶科,花五瓣，雄蕊多数，革质叶,常见园艺栽培或野生观赏植物
flowers102/images/image_07634.jpg,山茶花,Camellia,山茶科,花五瓣，雄蕊多数，革质叶,常见园艺栽培或野生观赏植物
flowers102/images/image_07653.jpg,山茶花,Camellia,山茶科,花五瓣，雄蕊多数，革质叶,常见园艺栽培或野生观赏植物
flowers102/images/image_07662.jpg,山茶花,Camellia,山茶科,花五瓣，雄蕊多数，革质叶,常见园艺栽培或野生观赏植物
flowers102/images/image_07690.jpg,锦葵,Mallow,锦葵科,花五瓣，具副萼，雄蕊单体,常见园艺栽培或野生观赏植物
flowers102/images/image_07706.jpg,锦葵,Mallow,锦葵科,花五瓣，具副萼，雄蕊单体,常见园艺栽培或野生观赏植物
flowers102/images/image_07707.jpg,锦葵,Mallow,锦葵科,花五瓣，具副萼，雄蕊单体,常见园艺栽培或野生观赏植物
flowers102/images/image_07708.jpg,锦葵,Mallow,锦葵科,花五瓣，具副萼，雄蕊单体,常见园艺栽培或野生观赏植物
flowers102/images/image_07709.jpg,锦葵,Mallow,锦葵科,花五瓣，具副萼，雄蕊单体,常见园艺栽培或野生观赏植物
flowers102/images/image_07710.jpg,锦葵,Mallow,锦葵科,花五瓣，具副萼，雄蕊单体,常见园艺栽培或野生观赏植物
flowers102/images/image_07711.jpg,锦葵,Mallow,锦葵科,花五瓣，具副萼，雄蕊单体,常见园艺栽培或野生观赏植物
flowers102/images/image_07741.jpg,锦葵,Mallow,锦葵科,花五瓣，具副萼，雄蕊单体,常见园艺栽培或野生观赏植物
flowers102/images/image_07742.jpg,锦葵,Mallow,锦葵科,花五瓣，具副萼，雄蕊单体,常见园艺栽培或野生观赏植物
flowers102/images/image_07748.jpg,锦葵,Mallow,锦葵科,花五瓣，具副萼，雄蕊单体,常见园艺栽培或野生观赏植物
flowers102/images/image_07762.jpg,翠芦莉（墨西哥矮牵牛）,Mexican Petunia,爵床科,花冠合瓣五裂，漏斗状,常见园艺栽培或野生观赏植物
flowers102/images/image_07771.jpg,翠芦莉（墨西哥矮牵牛）,Mexican Petunia,爵床科,花冠合瓣五裂，漏斗状,常见园艺栽培或野生观赏植物
flowers102/images/image_07781.jpg,翠芦莉（墨西哥矮牵牛）,Mexican Petunia,爵床科,花冠合瓣五裂，漏斗状,常见园艺栽培或野生观赏植物
flowers102/images/image_07790.jpg,翠芦莉（墨西哥矮牵牛）,Mexican Petunia,爵床科,花冠合瓣五裂，漏斗状,常见园艺栽培或野生观赏植物
flowers102/images/image_07797.jpg,翠芦莉（墨西哥矮牵牛）,Mexican Petunia,爵床科,花冠合瓣五裂，漏斗状,常见园艺栽培或野生观赏植物
flowers102/images/image_07802.jpg,翠芦莉（墨西哥矮牵牛）,Mexican Petunia,爵床科,花冠合瓣五裂，漏斗状,常见园艺栽培或野生观赏植物
flowers102/images/image_07803.jpg,翠芦莉（墨西哥矮牵牛）,Mexican Petunia,爵床科,花冠合瓣五裂，漏斗状,常见园艺栽培或野生观赏植物
flowers102/images/image_07817.jpg,翠芦莉（墨西哥矮牵牛）,Mexican Petunia,爵床科,花冠合瓣五裂，漏斗状,常见园艺栽培或野生观赏植物
flowers102/images/image_07823.jpg,翠芦莉（墨西哥矮牵牛）,Mexican Petunia,爵床科,花冠合瓣五裂，漏斗状,常见园艺栽培或野生观赏植物
flowers102/images/image_07825.jpg,翠芦莉（墨西哥矮牵牛）,Mexican Petunia,爵床科,花冠合瓣五裂，漏斗状,常见园艺栽培或野生观赏植物
flowers102/images/image_07851.jpg,观赏凤梨,Bromelia,凤梨科,叶莲座状排列，花序自中心抽出,常见园艺栽培或野生观赏植物
flowers102/images/image_07862.jpg,观赏凤梨,Bromelia,凤梨科,叶莲座状排列，花序自中心抽出,常见园艺栽培或野生观赏植物
flowers102/images/image_07863.jpg,观赏凤梨,Bromelia,凤梨科,叶莲座状排列，花序自中心抽出,常见园艺栽培或野生观赏植物
flowers102/images/image_07868.jpg,观赏凤梨,Bromelia,凤梨科,叶莲座状排列，花序自中心抽出,常见园艺栽培或野生观赏植物
flowers102/images/image_07871.jpg,观赏凤梨,Bromelia,凤梨科,叶莲座状排列，花序自中心抽出,常见园艺栽培或野生观赏植物
flowers102/images/image_07872.jpg,观赏凤梨,Bromelia,凤梨科,叶莲座状排列，花序自中心抽出,常见园艺栽培或野生观赏植物
flowers102/images/image_07876.jpg,观赏凤梨,Bromelia,凤梨科,叶莲座状排列，花序自中心抽出,常见园艺栽培或野生观赏植物
flowers102/images/image_07891.jpg,观赏凤梨,Bromelia,凤梨科,叶莲座状排列，花序自中心抽出,常见园艺栽培或野生观赏植物
flowers102/images/image_07900.jpg,天人菊,Blanket Flower,菊科,头状花序，舌状花黄红相间,常见园艺栽培或野生观赏植物
flowers102/images/image_07908.jpg,天人菊,Blanket Flower,菊科,头状花序，舌状花黄红相间,常见园艺栽培或野生观赏植物
flowers102/images/image_07910.jpg,天人菊,Blanket Flower,菊科,头状花序，舌状花黄红相间,常见园艺栽培或野生观赏植物
flowers102/images/image_07913.jpg,天人菊,Blanket Flower,菊科,头状花序，舌状花黄红相间,常见园艺栽培或野生观赏植物
flowers102/images/image_07914.jpg,天人菊,Blanket Flower,菊科,头状花序，舌状花黄红相间,常见园艺栽培或野生观赏植物
flowers102/images/image_07918.jpg,天人菊,Blanket Flower,菊科,头状花序，舌状花黄红相间,常见园艺栽培或野生观赏植物
flowers102/images/image_07924.jpg,天人菊,Blanket Flower,菊科,头状花序，舌状花黄红相间,常见园艺栽培或野生观赏植物
flowers102/images/image_07930.jpg,天人菊,Blanket Flower,菊科,头状花序，舌状花黄红相间,常见园艺栽培或野生观赏植物
flowers102/images/image_07934.jpg,天人菊,Blanket Flower,菊科,头状花序，舌状花黄红相间,常见园艺栽培或野生观赏植物
flowers102/images/image_07941.jpg,天人菊,Blanket Flower,菊科,头状花序，舌状花黄红相间,常见园艺栽培或野生观赏植物
flowers102/images/image_07942.jpg,凌霄花,Trumpet Creeper,紫葳科,花冠漏斗状，橙红色,常见园艺栽培或野生观赏植物
flowers102/images/image_07952.jpg,凌霄花,Trumpet Creeper,紫葳科,花冠漏斗状，橙红色,常见园艺栽培或野生观赏植物
flowers102/images/image_07954.jpg,凌霄花,Trumpet Creeper,紫葳科,花冠漏斗状，橙红色,常见园艺栽培或野生观赏植物
flowers102/images/image_07963.jpg,凌霄花,Trumpet Creeper,紫葳科,花冠漏斗状，橙红色,常见园艺栽培或野生观赏植物
flowers102/images/image_07967.jpg,凌霄花,Trumpet Creeper,紫葳科,花冠漏斗状，橙红色,常见园艺栽培或野生观赏植物
flowers102/images/image_07972.jpg,凌霄花,Trumpet Creeper,紫葳科,花冠漏斗状，橙红色,常见园艺栽培或野生观赏植物
flowers102/images/image_07974.jpg,凌霄花,Trumpet Creeper,紫葳科,花冠漏斗状，橙红色,常见园艺栽培或野生观赏植物
flowers102/images/image_07983.jpg,凌霄花,Trumpet Creeper,紫葳科,花冠漏斗状，橙红色,常见园艺栽培或野生观赏植物
flowers102/images/image_07986.jpg,凌霄花,Trumpet Creeper,紫葳科,花冠漏斗状，橙红色,常见园艺栽培或野生观赏植物
flowers102/images/image_07988.jpg,凌霄花,Trumpet Creeper,紫葳科,花冠漏斗状，橙红色,常见园艺栽培或野生观赏植物
flowers102/images/image_08003.jpg,射干,Blackberry Lily,鸢尾科,花被六枚，具橙色斑点,常见园艺栽培或野生观赏植物
flowers102/images/image_08004.jpg,射干,Blackberry Lily,鸢尾科,花被六枚，具橙色斑点,常见园艺栽培或野生观赏植物
flowers102/images/image_08007.jpg,射干,Blackberry Lily,鸢尾科,花被六枚，具橙色斑点,常见园艺栽培或野生观赏植物
flowers102/images/image_08013.jpg,射干,Blackberry Lily,鸢尾科,花被六枚，具橙色斑点,常见园艺栽培或野生观赏植物
flowers102/images/image_08018.jpg,射干,Blackberry Lily,鸢尾科,花被六枚，具橙色斑点,常见园艺栽培或野生观赏植物
flowers102/images/image_08024.jpg,射干,Blackberry Lily,鸢尾科,花被六枚，具橙色斑点,常见园艺栽培或野生观赏植物
flowers102/images/image_08026.jpg,射干,Blackberry Lily,鸢尾科,花被六枚，具橙色斑点,常见园艺栽培或野生观赏植物
flowers102/images/image_08033.jpg,射干,Blackberry Lily,鸢尾科,花被六枚，具橙色斑点,常见园艺栽培或野生观赏植物
flowers102/images/image_08036.jpg,射干,Blackberry Lily,鸢尾科,花被六枚，具橙色斑点,常见园艺栽培或野生观赏植物
flowers102/images/image_08041.jpg,射干,Blackberry Lily,鸢尾科,花被六枚，具橙色斑点,常见园艺栽培或野生观赏植物
flowers102/images/image_08048.jpg,红姜花,Red Ginger,姜科,花序具覆瓦状苞片，苞片红色,常见园艺栽培或野生观赏植物
flowers102/images/image_08051.jpg,红姜花,Red Ginger,姜科,花序具覆瓦状苞片，苞片红色,常见园艺栽培或野生观赏植物
flowers102/images/image_08056.jpg,朱顶红,Hippeastrum,石蒜科,花被六枚，花葶中空粗壮,常见园艺栽培或野生观赏植物
flowers102/images/image_08057.jpg,朱顶红,Hippeastrum,石蒜科,花被六枚，花葶中空粗壮,常见园艺栽培或野生观赏植物
flowers102/images/image_08063.jpg,观赏凤梨,Bromelia,凤梨科,叶莲座状排列，花序自中心抽出,常见园艺栽培或野生观赏植物
flowers102/images/image_08064.jpg,观赏凤梨,Bromelia,凤梨科,叶莲座状排列，花序自中心抽出,常见园艺栽培或野生观赏植物
flowers102/images/image_08065.jpg,康乃馨（香石竹）,Carnation,石竹科,花瓣先端常具锯齿，节部膨大,常见园艺栽培或野生观赏植物
flowers102/images/image_08074.jpg,康乃馨（香石竹）,Carnation,石竹科,花瓣先端常具锯齿，节部膨大,常见园艺栽培或野生观赏植物
flowers102/images/image_08075.jpg,康乃馨（香石竹）,Carnation,石竹科,花瓣先端常具锯齿，节部膨大,常见园艺栽培或野生观赏植物
flowers102/images/image_08076.jpg,康乃馨（香石竹）,Carnation,石竹科,花瓣先端常具锯齿，节部膨大,常见园艺栽培或野生观赏植物
flowers102/images/image_08078.jpg,春番红花,Spring Crocus,鸢尾科,花被六枚，具橙色柱头,常见园艺栽培或野生观赏植物
flowers102/images/image_08086.jpg,高山刺芹,Alpine Sea Holly,伞形科,头状花序，苞片具刺,常见园艺栽培或野生观赏植物
flowers102/images/image_08088.jpg,高山刺芹,Alpine Sea Holly,伞形科,头状花序，苞片具刺,常见园艺栽培或野生观赏植物
flowers102/images/image_08092.jpg,蓝刺头,Globe Thistle,菊科,头状花序球形，蓝色,常见园艺栽培或野生观赏植物
flowers102/images/image_08094.jpg,蓝刺头,Globe Thistle,菊科,头状花序球形，蓝色,常见园艺栽培或野生观赏植物
flowers102/images/image_08095.jpg,蓝刺头,Globe Thistle,菊科,头状花序球形，蓝色,常见园艺栽培或野生观赏植物
flowers102/images/image_08096.jpg,蓝刺头,Globe Thistle,菊科,头状花序球形，蓝色,常见园艺栽培或野生观赏植物
flowers102/images/image_08103.jpg,蝴蝶兰,Moon Orchid,兰科,花两侧对称，具特化唇瓣,常见园艺栽培或野生观赏植物
flowers102/images/image_08105.jpg,卷丹,Tiger Lily,百合科,花被六枚反卷，具深色斑点,常见园艺栽培或野生观赏植物
flowers102/images/image_08108.jpg,卷丹,Tiger Lily,百合科,花被六枚反卷，具深色斑点,常见园艺栽培或野生观赏植物
flowers102/images/image_08109.jpg,卷丹,Tiger Lily,百合科,花被六枚反卷，具深色斑点,常见园艺栽培或野生观赏植物
flowers102/images/image_08112.jpg,球松萝铁兰,Ball Moss,凤梨科,叶莲座状，植株附生,常见园艺栽培或野生观赏植物
flowers102/images/image_08115.jpg,球松萝铁兰,Ball Moss,凤梨科,叶莲座状，植株附生,常见园艺栽培或野生观赏植物
flowers102/images/image_08118.jpg,山桃草,Gaura,柳叶菜科,花四瓣，子房下位，花瓣蝶形展开,常见园艺栽培或野生观赏植物
flowers102/images/image_08122.jpg,山桃草,Gaura,柳叶菜科,花四瓣，子房下位，花瓣蝶形展开,常见园艺栽培或野生观赏植物
flowers102/images/image_08126.jpg,山桃草,Gaura,柳叶菜科,花四瓣，子房下位，花瓣蝶形展开,常见园艺栽培或野生观赏植物
flowers102/images/image_08135.jpg,山桃草,Gaura,柳叶菜科,花四瓣，子房下位，花瓣蝶形展开,常见园艺栽培或野生观赏植物
flowers102/images/image_08148.jpg,山桃草,Gaura,柳叶菜科,花四瓣，子房下位，花瓣蝶形展开,常见园艺栽培或野生观赏植物
flowers102/images/image_08154.jpg,秋牡丹（日本银莲花）,Japanese Anemone,毛茛科,花多具多数雄蕊与雌蕊，花被片多枚,常见园艺栽培或野生观赏植物
flowers102/images/image_08161.jpg,秋牡丹（日本银莲花）,Japanese Anemone,毛茛科,花多具多数雄蕊与雌蕊，花被片多枚,常见园艺栽培或野生观赏植物
flowers102/images/image_08164.jpg,秋牡丹（日本银莲花）,Japanese Anemone,毛茛科,花多具多数雄蕊与雌蕊，花被片多枚,常见园艺栽培或野生观赏植物
flowers102/images/image_08165.jpg,秋牡丹（日本银莲花）,Japanese Anemone,毛茛科,花多具多数雄蕊与雌蕊，花被片多枚,常见园艺栽培或野生观赏植物
flowers102/images/image_08166.jpg,秋牡丹（日本银莲花）,Japanese Anemone,毛茛科,花多具多数雄蕊与雌蕊，花被片多枚,常见园艺栽培或野生观赏植物
flowers102/images/image_08167.jpg,秋牡丹（日本银莲花）,Japanese Anemone,毛茛科,花多具多数雄蕊与雌蕊，花被片多枚,常见园艺栽培或野生观赏植物
flowers102/images/image_08175.jpg,秋牡丹（日本银莲花）,Japanese Anemone,毛茛科,花多具多数雄蕊与雌蕊，花被片多枚,常见园艺栽培或野生观赏植物
flowers102/images/image_08177.jpg,秋牡丹（日本银莲花）,Japanese Anemone,毛茛科,花多具多数雄蕊与雌蕊，花被片多枚,常见园艺栽培或野生观赏植物
